"prot_name";"prot_id";"n_hex";"len";"P1";"P2";"P3";"P4";"P5";"P6"
"AMY1|K19|T-Protein";1;1;13;"P";"G";"G";"G";"K";"V"
"AMY1|K19|T-Protein";1;2;13;"G";"G";"G";"K";"V";"Q"
"AMY1|K19|T-Protein";1;3;13;"G";"G";"K";"V";"Q";"I"
"AMY1|K19|T-Protein";1;4;13;"G";"K";"V";"Q";"I";"V"
"AMY1|K19|T-Protein";1;5;13;"K";"V";"Q";"I";"V";"Y"
"AMY1|K19|T-Protein";1;6;13;"V";"Q";"I";"V";"Y";"K"
"AMY1|K19|T-Protein";1;7;13;"Q";"I";"V";"Y";"K";"P"
"AMY1|K19|T-Protein";1;8;13;"I";"V";"Y";"K";"P";"V"
"AMY14|K19Gluc782|T-Protein";2;1;19;"N";"L";"K";"H";"Q";"P"
"AMY14|K19Gluc782|T-Protein";2;2;19;"L";"K";"H";"Q";"P";"G"
"AMY14|K19Gluc782|T-Protein";2;3;19;"K";"H";"Q";"P";"G";"G"
"AMY14|K19Gluc782|T-Protein";2;4;19;"H";"Q";"P";"G";"G";"G"
"AMY14|K19Gluc782|T-Protein";2;5;19;"Q";"P";"G";"G";"G";"K"
"AMY14|K19Gluc782|T-Protein";2;6;19;"P";"G";"G";"G";"K";"V"
"AMY14|K19Gluc782|T-Protein";2;7;19;"G";"G";"G";"K";"V";"Q"
"AMY14|K19Gluc782|T-Protein";2;8;19;"G";"G";"K";"V";"Q";"I"
"AMY14|K19Gluc782|T-Protein";2;9;19;"G";"K";"V";"Q";"I";"V"
"AMY14|K19Gluc782|T-Protein";2;10;19;"K";"V";"Q";"I";"V";"Y"
"AMY14|K19Gluc782|T-Protein";2;11;19;"V";"Q";"I";"V";"Y";"K"
"AMY14|K19Gluc782|T-Protein";2;12;19;"Q";"I";"V";"Y";"K";"E"
"AMY14|K19Gluc782|T-Protein";2;13;19;"I";"V";"Y";"K";"E";"V"
"AMY14|K19Gluc782|T-Protein";2;14;19;"V";"Y";"K";"E";"V";"D"
"AMY17|PHF8|T-Protein";3;1;8;"G";"K";"V";"Q";"I";"V"
"AMY17|PHF8|T-Protein";3;2;8;"K";"V";"Q";"I";"V";"Y"
"AMY17|PHF8|T-Protein";3;3;8;"V";"Q";"I";"V";"Y";"K"
"AMY18|PHF6|T-Protein";4;1;6;"V";"Q";"I";"V";"Y";"K"
"AMY23|HABP1|Amyloid";5;1;15;"V";"P";"H";"Q";"K";"L"
"AMY23|HABP1|Amyloid";5;2;15;"P";"H";"Q";"K";"L";"V"
"AMY23|HABP1|Amyloid";5;3;15;"H";"Q";"K";"L";"V";"F"
"AMY23|HABP1|Amyloid";5;4;15;"Q";"K";"L";"V";"F";"F"
"AMY23|HABP1|Amyloid";5;5;15;"K";"L";"V";"F";"F";"A"
"AMY23|HABP1|Amyloid";5;6;15;"L";"V";"F";"F";"A";"E"
"AMY23|HABP1|Amyloid";5;7;15;"V";"F";"F";"A";"E";"D"
"AMY23|HABP1|Amyloid";5;8;15;"F";"F";"A";"E";"D";"V"
"AMY23|HABP1|Amyloid";5;9;15;"F";"A";"E";"D";"V";"G"
"AMY23|HABP1|Amyloid";5;10;15;"A";"E";"D";"V";"G";"S"
"AMY24|HABP2|Amyloid";6;1;15;"V";"H";"P";"Q";"K";"L"
"AMY24|HABP2|Amyloid";6;2;15;"H";"P";"Q";"K";"L";"V"
"AMY24|HABP2|Amyloid";6;3;15;"P";"Q";"K";"L";"V";"F"
"AMY24|HABP2|Amyloid";6;4;15;"Q";"K";"L";"V";"F";"F"
"AMY24|HABP2|Amyloid";6;5;15;"K";"L";"V";"F";"F";"A"
"AMY24|HABP2|Amyloid";6;6;15;"L";"V";"F";"F";"A";"E"
"AMY24|HABP2|Amyloid";6;7;15;"V";"F";"F";"A";"E";"D"
"AMY24|HABP2|Amyloid";6;8;15;"F";"F";"A";"E";"D";"V"
"AMY24|HABP2|Amyloid";6;9;15;"F";"A";"E";"D";"V";"G"
"AMY24|HABP2|Amyloid";6;10;15;"A";"E";"D";"V";"G";"S"
"AMY25|HABP3|Amyloid";7;1;15;"V";"H";"H";"P";"K";"L"
"AMY25|HABP3|Amyloid";7;2;15;"H";"H";"P";"K";"L";"V"
"AMY25|HABP3|Amyloid";7;3;15;"H";"P";"K";"L";"V";"F"
"AMY25|HABP3|Amyloid";7;4;15;"P";"K";"L";"V";"F";"F"
"AMY25|HABP3|Amyloid";7;5;15;"K";"L";"V";"F";"F";"A"
"AMY25|HABP3|Amyloid";7;6;15;"L";"V";"F";"F";"A";"E"
"AMY25|HABP3|Amyloid";7;7;15;"V";"F";"F";"A";"E";"D"
"AMY25|HABP3|Amyloid";7;8;15;"F";"F";"A";"E";"D";"V"
"AMY25|HABP3|Amyloid";7;9;15;"F";"A";"E";"D";"V";"G"
"AMY25|HABP3|Amyloid";7;10;15;"A";"E";"D";"V";"G";"S"
"AMY26|HABP4|Amyloid";8;1;15;"V";"H";"H";"Q";"P";"L"
"AMY26|HABP4|Amyloid";8;2;15;"H";"H";"Q";"P";"L";"V"
"AMY26|HABP4|Amyloid";8;3;15;"H";"Q";"P";"L";"V";"F"
"AMY26|HABP4|Amyloid";8;4;15;"Q";"P";"L";"V";"F";"F"
"AMY26|HABP4|Amyloid";8;5;15;"P";"L";"V";"F";"F";"A"
"AMY26|HABP4|Amyloid";8;6;15;"L";"V";"F";"F";"A";"E"
"AMY26|HABP4|Amyloid";8;7;15;"V";"F";"F";"A";"E";"D"
"AMY26|HABP4|Amyloid";8;8;15;"F";"F";"A";"E";"D";"V"
"AMY26|HABP4|Amyloid";8;9;15;"F";"A";"E";"D";"V";"G"
"AMY26|HABP4|Amyloid";8;10;15;"A";"E";"D";"V";"G";"S"
"AMY32|HABP10|Amyloid";9;1;9;"K";"K";"L";"V";"F";"F"
"AMY32|HABP10|Amyloid";9;2;9;"K";"L";"V";"F";"F";"P"
"AMY32|HABP10|Amyloid";9;3;9;"L";"V";"F";"F";"P";"E"
"AMY32|HABP10|Amyloid";9;4;9;"V";"F";"F";"P";"E";"D"
"AMY34|HABP12|Amyloid";10;1;16;"V";"H";"H";"Q";"E";"K"
"AMY34|HABP12|Amyloid";10;2;16;"H";"H";"Q";"E";"K";"L"
"AMY34|HABP12|Amyloid";10;3;16;"H";"Q";"E";"K";"L";"V"
"AMY34|HABP12|Amyloid";10;4;16;"Q";"E";"K";"L";"V";"F"
"AMY34|HABP12|Amyloid";10;5;16;"E";"K";"L";"V";"F";"F"
"AMY34|HABP12|Amyloid";10;6;16;"K";"L";"V";"F";"F";"A"
"AMY34|HABP12|Amyloid";10;7;16;"L";"V";"F";"F";"A";"E"
"AMY34|HABP12|Amyloid";10;8;16;"V";"F";"F";"A";"E";"P"
"AMY34|HABP12|Amyloid";10;9;16;"F";"F";"A";"E";"P";"V"
"AMY34|HABP12|Amyloid";10;10;16;"F";"A";"E";"P";"V";"G"
"AMY34|HABP12|Amyloid";10;11;16;"A";"E";"P";"V";"G";"S"
"AMY35|HABP13|Amyloid";11;1;16;"V";"H";"H";"Q";"E";"K"
"AMY35|HABP13|Amyloid";11;2;16;"H";"H";"Q";"E";"K";"L"
"AMY35|HABP13|Amyloid";11;3;16;"H";"Q";"E";"K";"L";"V"
"AMY35|HABP13|Amyloid";11;4;16;"Q";"E";"K";"L";"V";"F"
"AMY35|HABP13|Amyloid";11;5;16;"E";"K";"L";"V";"F";"F"
"AMY35|HABP13|Amyloid";11;6;16;"K";"L";"V";"F";"F";"A"
"AMY35|HABP13|Amyloid";11;7;16;"L";"V";"F";"F";"A";"E"
"AMY35|HABP13|Amyloid";11;8;16;"V";"F";"F";"A";"E";"D"
"AMY35|HABP13|Amyloid";11;9;16;"F";"F";"A";"E";"D";"P"
"AMY35|HABP13|Amyloid";11;10;16;"F";"A";"E";"D";"P";"G"
"AMY35|HABP13|Amyloid";11;11;16;"A";"E";"D";"P";"G";"S"
"AMY36|HABP14|Amyloid";12;1;16;"V";"H";"H";"Q";"E";"K"
"AMY36|HABP14|Amyloid";12;2;16;"H";"H";"Q";"E";"K";"L"
"AMY36|HABP14|Amyloid";12;3;16;"H";"Q";"E";"K";"L";"V"
"AMY36|HABP14|Amyloid";12;4;16;"Q";"E";"K";"L";"V";"F"
"AMY36|HABP14|Amyloid";12;5;16;"E";"K";"L";"V";"F";"F"
"AMY36|HABP14|Amyloid";12;6;16;"K";"L";"V";"F";"F";"A"
"AMY36|HABP14|Amyloid";12;7;16;"L";"V";"F";"F";"A";"E"
"AMY36|HABP14|Amyloid";12;8;16;"V";"F";"F";"A";"E";"D"
"AMY36|HABP14|Amyloid";12;9;16;"F";"F";"A";"E";"D";"V"
"AMY36|HABP14|Amyloid";12;10;16;"F";"A";"E";"D";"V";"P"
"AMY36|HABP14|Amyloid";12;11;16;"A";"E";"D";"V";"P";"S"
"AMY37|HABP15|Amyloid";13;1;9;"K";"K";"L";"V";"F";"F"
"AMY37|HABP15|Amyloid";13;2;9;"K";"L";"V";"F";"F";"A"
"AMY37|HABP15|Amyloid";13;3;9;"L";"V";"F";"F";"A";"E"
"AMY37|HABP15|Amyloid";13;4;9;"V";"F";"F";"A";"E";"D"
"AMY38|HABP16|Amyloid";14;1;15;"V";"H";"H";"Q";"K";"L"
"AMY38|HABP16|Amyloid";14;2;15;"H";"H";"Q";"K";"L";"V"
"AMY38|HABP16|Amyloid";14;3;15;"H";"Q";"K";"L";"V";"F"
"AMY38|HABP16|Amyloid";14;4;15;"Q";"K";"L";"V";"F";"F"
"AMY38|HABP16|Amyloid";14;5;15;"K";"L";"V";"F";"F";"A"
"AMY38|HABP16|Amyloid";14;6;15;"L";"V";"F";"F";"A";"E"
"AMY38|HABP16|Amyloid";14;7;15;"V";"F";"F";"A";"E";"D"
"AMY38|HABP16|Amyloid";14;8;15;"F";"F";"A";"E";"D";"V"
"AMY38|HABP16|Amyloid";14;9;15;"F";"A";"E";"D";"V";"G"
"AMY38|HABP16|Amyloid";14;10;15;"A";"E";"D";"V";"G";"S"
"AMY42|AB4|Amyloid";15;1;11;"H";"H";"Q";"K";"L";"V"
"AMY42|AB4|Amyloid";15;2;11;"H";"Q";"K";"L";"V";"F"
"AMY42|AB4|Amyloid";15;3;11;"Q";"K";"L";"V";"F";"F"
"AMY42|AB4|Amyloid";15;4;11;"K";"L";"V";"F";"F";"A"
"AMY42|AB4|Amyloid";15;5;11;"L";"V";"F";"F";"A";"E"
"AMY42|AB4|Amyloid";15;6;11;"V";"F";"F";"A";"E";"D"
"AMY43|AB5|Amyloid";16;1;13;"V";"H";"H";"Q";"K";"L"
"AMY43|AB5|Amyloid";16;2;13;"H";"H";"Q";"K";"L";"V"
"AMY43|AB5|Amyloid";16;3;13;"H";"Q";"K";"L";"V";"F"
"AMY43|AB5|Amyloid";16;4;13;"Q";"K";"L";"V";"F";"F"
"AMY43|AB5|Amyloid";16;5;13;"K";"L";"V";"F";"F";"A"
"AMY43|AB5|Amyloid";16;6;13;"L";"V";"F";"F";"A";"E"
"AMY43|AB5|Amyloid";16;7;13;"V";"F";"F";"A";"E";"D"
"AMY43|AB5|Amyloid";16;8;13;"F";"F";"A";"E";"D";"V"
"AMY44|AB6|Amyloid";17;1;15;"E";"V";"H";"H";"Q";"K"
"AMY44|AB6|Amyloid";17;2;15;"V";"H";"H";"Q";"K";"L"
"AMY44|AB6|Amyloid";17;3;15;"H";"H";"Q";"K";"L";"V"
"AMY44|AB6|Amyloid";17;4;15;"H";"Q";"K";"L";"V";"F"
"AMY44|AB6|Amyloid";17;5;15;"Q";"K";"L";"V";"F";"F"
"AMY44|AB6|Amyloid";17;6;15;"K";"L";"V";"F";"F";"A"
"AMY44|AB6|Amyloid";17;7;15;"L";"V";"F";"F";"A";"E"
"AMY44|AB6|Amyloid";17;8;15;"V";"F";"F";"A";"E";"D"
"AMY44|AB6|Amyloid";17;9;15;"F";"F";"A";"E";"D";"V"
"AMY44|AB6|Amyloid";17;10;15;"F";"A";"E";"D";"V";"G"
"AMY45|AB7|Amyloid";18;1;17;"Y";"E";"V";"H";"H";"Q"
"AMY45|AB7|Amyloid";18;2;17;"E";"V";"H";"H";"Q";"K"
"AMY45|AB7|Amyloid";18;3;17;"V";"H";"H";"Q";"K";"L"
"AMY45|AB7|Amyloid";18;4;17;"H";"H";"Q";"K";"L";"V"
"AMY45|AB7|Amyloid";18;5;17;"H";"Q";"K";"L";"V";"F"
"AMY45|AB7|Amyloid";18;6;17;"Q";"K";"L";"V";"F";"F"
"AMY45|AB7|Amyloid";18;7;17;"K";"L";"V";"F";"F";"A"
"AMY45|AB7|Amyloid";18;8;17;"L";"V";"F";"F";"A";"E"
"AMY45|AB7|Amyloid";18;9;17;"V";"F";"F";"A";"E";"D"
"AMY45|AB7|Amyloid";18;10;17;"F";"F";"A";"E";"D";"V"
"AMY45|AB7|Amyloid";18;11;17;"F";"A";"E";"D";"V";"G"
"AMY45|AB7|Amyloid";18;12;17;"A";"E";"D";"V";"G";"S"
"AMY46|AB8|Amyloid";19;1;19;"G";"Y";"E";"V";"H";"H"
"AMY46|AB8|Amyloid";19;2;19;"Y";"E";"V";"H";"H";"Q"
"AMY46|AB8|Amyloid";19;3;19;"E";"V";"H";"H";"Q";"K"
"AMY46|AB8|Amyloid";19;4;19;"V";"H";"H";"Q";"K";"L"
"AMY46|AB8|Amyloid";19;5;19;"H";"H";"Q";"K";"L";"V"
"AMY46|AB8|Amyloid";19;6;19;"H";"Q";"K";"L";"V";"F"
"AMY46|AB8|Amyloid";19;7;19;"Q";"K";"L";"V";"F";"F"
"AMY46|AB8|Amyloid";19;8;19;"K";"L";"V";"F";"F";"A"
"AMY46|AB8|Amyloid";19;9;19;"L";"V";"F";"F";"A";"E"
"AMY46|AB8|Amyloid";19;10;19;"V";"F";"F";"A";"E";"D"
"AMY46|AB8|Amyloid";19;11;19;"F";"F";"A";"E";"D";"V"
"AMY46|AB8|Amyloid";19;12;19;"F";"A";"E";"D";"V";"G"
"AMY46|AB8|Amyloid";19;13;19;"A";"E";"D";"V";"G";"S"
"AMY46|AB8|Amyloid";19;14;19;"E";"D";"V";"G";"S";"N"
"AMY47|AB9|Amyloid";20;1;21;"S";"G";"Y";"E";"V";"H"
"AMY47|AB9|Amyloid";20;2;21;"G";"Y";"E";"V";"H";"H"
"AMY47|AB9|Amyloid";20;3;21;"Y";"E";"V";"H";"H";"Q"
"AMY47|AB9|Amyloid";20;4;21;"E";"V";"H";"H";"Q";"K"
"AMY47|AB9|Amyloid";20;5;21;"V";"H";"H";"Q";"K";"L"
"AMY47|AB9|Amyloid";20;6;21;"H";"H";"Q";"K";"L";"V"
"AMY47|AB9|Amyloid";20;7;21;"H";"Q";"K";"L";"V";"F"
"AMY47|AB9|Amyloid";20;8;21;"Q";"K";"L";"V";"F";"F"
"AMY47|AB9|Amyloid";20;9;21;"K";"L";"V";"F";"F";"A"
"AMY47|AB9|Amyloid";20;10;21;"L";"V";"F";"F";"A";"E"
"AMY47|AB9|Amyloid";20;11;21;"V";"F";"F";"A";"E";"D"
"AMY47|AB9|Amyloid";20;12;21;"F";"F";"A";"E";"D";"V"
"AMY47|AB9|Amyloid";20;13;21;"F";"A";"E";"D";"V";"G"
"AMY47|AB9|Amyloid";20;14;21;"A";"E";"D";"V";"G";"S"
"AMY47|AB9|Amyloid";20;15;21;"E";"D";"V";"G";"S";"N"
"AMY47|AB9|Amyloid";20;16;21;"D";"V";"G";"S";"N";"K"
"AMY48|AB10|Amyloid";21;1;23;"D";"S";"G";"Y";"E";"V"
"AMY48|AB10|Amyloid";21;2;23;"S";"G";"Y";"E";"V";"H"
"AMY48|AB10|Amyloid";21;3;23;"G";"Y";"E";"V";"H";"H"
"AMY48|AB10|Amyloid";21;4;23;"Y";"E";"V";"H";"H";"Q"
"AMY48|AB10|Amyloid";21;5;23;"E";"V";"H";"H";"Q";"K"
"AMY48|AB10|Amyloid";21;6;23;"V";"H";"H";"Q";"K";"L"
"AMY48|AB10|Amyloid";21;7;23;"H";"H";"Q";"K";"L";"V"
"AMY48|AB10|Amyloid";21;8;23;"H";"Q";"K";"L";"V";"F"
"AMY48|AB10|Amyloid";21;9;23;"Q";"K";"L";"V";"F";"F"
"AMY48|AB10|Amyloid";21;10;23;"K";"L";"V";"F";"F";"A"
"AMY48|AB10|Amyloid";21;11;23;"L";"V";"F";"F";"A";"E"
"AMY48|AB10|Amyloid";21;12;23;"V";"F";"F";"A";"E";"D"
"AMY48|AB10|Amyloid";21;13;23;"F";"F";"A";"E";"D";"V"
"AMY48|AB10|Amyloid";21;14;23;"F";"A";"E";"D";"V";"G"
"AMY48|AB10|Amyloid";21;15;23;"A";"E";"D";"V";"G";"S"
"AMY48|AB10|Amyloid";21;16;23;"E";"D";"V";"G";"S";"N"
"AMY48|AB10|Amyloid";21;17;23;"D";"V";"G";"S";"N";"K"
"AMY48|AB10|Amyloid";21;18;23;"V";"G";"S";"N";"K";"G"
"AMY49|AB11|Amyloid";22;1;25;"H";"D";"S";"G";"Y";"E"
"AMY49|AB11|Amyloid";22;2;25;"D";"S";"G";"Y";"E";"V"
"AMY49|AB11|Amyloid";22;3;25;"S";"G";"Y";"E";"V";"H"
"AMY49|AB11|Amyloid";22;4;25;"G";"Y";"E";"V";"H";"H"
"AMY49|AB11|Amyloid";22;5;25;"Y";"E";"V";"H";"H";"Q"
"AMY49|AB11|Amyloid";22;6;25;"E";"V";"H";"H";"Q";"K"
"AMY49|AB11|Amyloid";22;7;25;"V";"H";"H";"Q";"K";"L"
"AMY49|AB11|Amyloid";22;8;25;"H";"H";"Q";"K";"L";"V"
"AMY49|AB11|Amyloid";22;9;25;"H";"Q";"K";"L";"V";"F"
"AMY49|AB11|Amyloid";22;10;25;"Q";"K";"L";"V";"F";"F"
"AMY49|AB11|Amyloid";22;11;25;"K";"L";"V";"F";"F";"A"
"AMY49|AB11|Amyloid";22;12;25;"L";"V";"F";"F";"A";"E"
"AMY49|AB11|Amyloid";22;13;25;"V";"F";"F";"A";"E";"D"
"AMY49|AB11|Amyloid";22;14;25;"F";"F";"A";"E";"D";"V"
"AMY49|AB11|Amyloid";22;15;25;"F";"A";"E";"D";"V";"G"
"AMY49|AB11|Amyloid";22;16;25;"A";"E";"D";"V";"G";"S"
"AMY49|AB11|Amyloid";22;17;25;"E";"D";"V";"G";"S";"N"
"AMY49|AB11|Amyloid";22;18;25;"D";"V";"G";"S";"N";"K"
"AMY49|AB11|Amyloid";22;19;25;"V";"G";"S";"N";"K";"G"
"AMY49|AB11|Amyloid";22;20;25;"G";"S";"N";"K";"G";"A"
"AMY51|Untitled|Amyloid";23;1;6;"I";"I";"G";"L";"M";"V"
"AMY53|NAC1-18|Alpha";24;1;18;"E";"Q";"V";"T";"N";"V"
"AMY53|NAC1-18|Alpha";24;2;18;"Q";"V";"T";"N";"V";"G"
"AMY53|NAC1-18|Alpha";24;3;18;"V";"T";"N";"V";"G";"G"
"AMY53|NAC1-18|Alpha";24;4;18;"T";"N";"V";"G";"G";"A"
"AMY53|NAC1-18|Alpha";24;5;18;"N";"V";"G";"G";"A";"V"
"AMY53|NAC1-18|Alpha";24;6;18;"V";"G";"G";"A";"V";"V"
"AMY53|NAC1-18|Alpha";24;7;18;"G";"G";"A";"V";"V";"T"
"AMY53|NAC1-18|Alpha";24;8;18;"G";"A";"V";"V";"T";"G"
"AMY53|NAC1-18|Alpha";24;9;18;"A";"V";"V";"T";"G";"V"
"AMY53|NAC1-18|Alpha";24;10;18;"V";"V";"T";"G";"V";"T"
"AMY53|NAC1-18|Alpha";24;11;18;"V";"T";"G";"V";"T";"A"
"AMY53|NAC1-18|Alpha";24;12;18;"T";"G";"V";"T";"A";"V"
"AMY53|NAC1-18|Alpha";24;13;18;"G";"V";"T";"A";"V";"A"
"AMY54|NAC1-18s|Alpha";25;1;18;"T";"V";"N";"G";"V";"G"
"AMY54|NAC1-18s|Alpha";25;2;18;"V";"N";"G";"V";"G";"E"
"AMY54|NAC1-18s|Alpha";25;3;18;"N";"G";"V";"G";"E";"V"
"AMY54|NAC1-18s|Alpha";25;4;18;"G";"V";"G";"E";"V";"T"
"AMY54|NAC1-18s|Alpha";25;5;18;"V";"G";"E";"V";"T";"A"
"AMY54|NAC1-18s|Alpha";25;6;18;"G";"E";"V";"T";"A";"T"
"AMY54|NAC1-18s|Alpha";25;7;18;"E";"V";"T";"A";"T";"A"
"AMY54|NAC1-18s|Alpha";25;8;18;"V";"T";"A";"T";"A";"V"
"AMY54|NAC1-18s|Alpha";25;9;18;"T";"A";"T";"A";"V";"Q"
"AMY54|NAC1-18s|Alpha";25;10;18;"A";"T";"A";"V";"Q";"G"
"AMY54|NAC1-18s|Alpha";25;11;18;"T";"A";"V";"Q";"G";"V"
"AMY54|NAC1-18s|Alpha";25;12;18;"A";"V";"Q";"G";"V";"A"
"AMY54|NAC1-18s|Alpha";25;13;18;"V";"Q";"G";"V";"A";"V"
"AMY55|NAC3-18|Alpha";26;1;16;"V";"T";"N";"V";"G";"G"
"AMY55|NAC3-18|Alpha";26;2;16;"T";"N";"V";"G";"G";"A"
"AMY55|NAC3-18|Alpha";26;3;16;"N";"V";"G";"G";"A";"V"
"AMY55|NAC3-18|Alpha";26;4;16;"V";"G";"G";"A";"V";"V"
"AMY55|NAC3-18|Alpha";26;5;16;"G";"G";"A";"V";"V";"T"
"AMY55|NAC3-18|Alpha";26;6;16;"G";"A";"V";"V";"T";"G"
"AMY55|NAC3-18|Alpha";26;7;16;"A";"V";"V";"T";"G";"V"
"AMY55|NAC3-18|Alpha";26;8;16;"V";"V";"T";"G";"V";"T"
"AMY55|NAC3-18|Alpha";26;9;16;"V";"T";"G";"V";"T";"A"
"AMY55|NAC3-18|Alpha";26;10;16;"T";"G";"V";"T";"A";"V"
"AMY55|NAC3-18|Alpha";26;11;16;"G";"V";"T";"A";"V";"A"
"AMY56|NAC1-13|Alpha";27;1;13;"E";"Q";"V";"T";"N";"V"
"AMY56|NAC1-13|Alpha";27;2;13;"Q";"V";"T";"N";"V";"G"
"AMY56|NAC1-13|Alpha";27;3;13;"V";"T";"N";"V";"G";"G"
"AMY56|NAC1-13|Alpha";27;4;13;"T";"N";"V";"G";"G";"A"
"AMY56|NAC1-13|Alpha";27;5;13;"N";"V";"G";"G";"A";"V"
"AMY56|NAC1-13|Alpha";27;6;13;"V";"G";"G";"A";"V";"V"
"AMY56|NAC1-13|Alpha";27;7;13;"G";"G";"A";"V";"V";"T"
"AMY56|NAC1-13|Alpha";27;8;13;"G";"A";"V";"V";"T";"G"
"AMY57|NAC6-14|Alpha";28;1;9;"V";"G";"G";"A";"V";"V"
"AMY57|NAC6-14|Alpha";28;2;9;"G";"G";"A";"V";"V";"T"
"AMY57|NAC6-14|Alpha";28;3;9;"G";"A";"V";"V";"T";"G"
"AMY57|NAC6-14|Alpha";28;4;9;"A";"V";"V";"T";"G";"V"
"AMY60|34-53|Acyl";29;1;20;"G";"V";"V";"G";"W";"V"
"AMY60|34-53|Acyl";29;2;20;"V";"V";"G";"W";"V";"K"
"AMY60|34-53|Acyl";29;3;20;"V";"G";"W";"V";"K";"N"
"AMY60|34-53|Acyl";29;4;20;"G";"W";"V";"K";"N";"T"
"AMY60|34-53|Acyl";29;5;20;"W";"V";"K";"N";"T";"S"
"AMY60|34-53|Acyl";29;6;20;"V";"K";"N";"T";"S";"K"
"AMY60|34-53|Acyl";29;7;20;"K";"N";"T";"S";"K";"G"
"AMY60|34-53|Acyl";29;8;20;"N";"T";"S";"K";"G";"T"
"AMY60|34-53|Acyl";29;9;20;"T";"S";"K";"G";"T";"V"
"AMY60|34-53|Acyl";29;10;20;"S";"K";"G";"T";"V";"T"
"AMY60|34-53|Acyl";29;11;20;"K";"G";"T";"V";"T";"G"
"AMY60|34-53|Acyl";29;12;20;"G";"T";"V";"T";"G";"Q"
"AMY60|34-53|Acyl";29;13;20;"T";"V";"T";"G";"Q";"V"
"AMY60|34-53|Acyl";29;14;20;"V";"T";"G";"Q";"V";"Q"
"AMY60|34-53|Acyl";29;15;20;"T";"G";"Q";"V";"Q";"G"
"AMY63|86-98|Acyl";30;1;13;"I";"S";"K";"L";"E";"Y"
"AMY63|86-98|Acyl";30;2;13;"S";"K";"L";"E";"Y";"S"
"AMY63|86-98|Acyl";30;3;13;"K";"L";"E";"Y";"S";"N"
"AMY63|86-98|Acyl";30;4;13;"L";"E";"Y";"S";"N";"F"
"AMY63|86-98|Acyl";30;5;13;"E";"Y";"S";"N";"F";"S"
"AMY63|86-98|Acyl";30;6;13;"Y";"S";"N";"F";"S";"V"
"AMY63|86-98|Acyl";30;7;13;"S";"N";"F";"S";"V";"R"
"AMY63|86-98|Acyl";30;8;13;"N";"F";"S";"V";"R";"Y"
"AMY68|E|b2-microglobulin";31;1;13;"D";"W";"S";"F";"Y";"L"
"AMY68|E|b2-microglobulin";31;2;13;"W";"S";"F";"Y";"L";"L"
"AMY68|E|b2-microglobulin";31;3;13;"S";"F";"Y";"L";"L";"Y"
"AMY68|E|b2-microglobulin";31;4;13;"F";"Y";"L";"L";"Y";"Y"
"AMY68|E|b2-microglobulin";31;5;13;"Y";"L";"L";"Y";"Y";"T"
"AMY68|E|b2-microglobulin";31;6;13;"L";"L";"Y";"Y";"T";"E"
"AMY68|E|b2-microglobulin";31;7;13;"L";"Y";"Y";"T";"E";"F"
"AMY68|E|b2-microglobulin";31;8;13;"Y";"Y";"T";"E";"F";"T"
"AMY69|E1|b2-microglobulin";32;1;21;"D";"W";"S";"F";"Y";"L"
"AMY69|E1|b2-microglobulin";32;2;21;"W";"S";"F";"Y";"L";"L"
"AMY69|E1|b2-microglobulin";32;3;21;"S";"F";"Y";"L";"L";"Y"
"AMY69|E1|b2-microglobulin";32;4;21;"F";"Y";"L";"L";"Y";"Y"
"AMY69|E1|b2-microglobulin";32;5;21;"Y";"L";"L";"Y";"Y";"T"
"AMY69|E1|b2-microglobulin";32;6;21;"L";"L";"Y";"Y";"T";"E"
"AMY69|E1|b2-microglobulin";32;7;21;"L";"Y";"Y";"T";"E";"F"
"AMY69|E1|b2-microglobulin";32;8;21;"Y";"Y";"T";"E";"F";"T"
"AMY69|E1|b2-microglobulin";32;9;21;"Y";"T";"E";"F";"T";"P"
"AMY69|E1|b2-microglobulin";32;10;21;"T";"E";"F";"T";"P";"T"
"AMY69|E1|b2-microglobulin";32;11;21;"E";"F";"T";"P";"T";"G"
"AMY69|E1|b2-microglobulin";32;12;21;"F";"T";"P";"T";"G";"K"
"AMY69|E1|b2-microglobulin";32;13;21;"T";"P";"T";"G";"K";"D"
"AMY69|E1|b2-microglobulin";32;14;21;"P";"T";"G";"K";"D";"E"
"AMY69|E1|b2-microglobulin";32;15;21;"T";"G";"K";"D";"E";"Y"
"AMY69|E1|b2-microglobulin";32;16;21;"G";"K";"D";"E";"Y";"A"
"AMY72|Untitled|b2-microglobulin";33;1;20;"N";"F";"L";"N";"C";"Y"
"AMY72|Untitled|b2-microglobulin";33;2;20;"F";"L";"N";"C";"Y";"V"
"AMY72|Untitled|b2-microglobulin";33;3;20;"L";"N";"C";"Y";"V";"S"
"AMY72|Untitled|b2-microglobulin";33;4;20;"N";"C";"Y";"V";"S";"G"
"AMY72|Untitled|b2-microglobulin";33;5;20;"C";"Y";"V";"S";"G";"F"
"AMY72|Untitled|b2-microglobulin";33;6;20;"Y";"V";"S";"G";"F";"H"
"AMY72|Untitled|b2-microglobulin";33;7;20;"V";"S";"G";"F";"H";"P"
"AMY72|Untitled|b2-microglobulin";33;8;20;"S";"G";"F";"H";"P";"S"
"AMY72|Untitled|b2-microglobulin";33;9;20;"G";"F";"H";"P";"S";"D"
"AMY72|Untitled|b2-microglobulin";33;10;20;"F";"H";"P";"S";"D";"I"
"AMY72|Untitled|b2-microglobulin";33;11;20;"H";"P";"S";"D";"I";"E"
"AMY72|Untitled|b2-microglobulin";33;12;20;"P";"S";"D";"I";"E";"V"
"AMY72|Untitled|b2-microglobulin";33;13;20;"S";"D";"I";"E";"V";"D"
"AMY72|Untitled|b2-microglobulin";33;14;20;"D";"I";"E";"V";"D";"L"
"AMY72|Untitled|b2-microglobulin";33;15;20;"I";"E";"V";"D";"L";"L"
"AMY73|Untitled|b2-microglobulin";34;1;20;"D";"W";"S";"F";"Y";"L"
"AMY73|Untitled|b2-microglobulin";34;2;20;"W";"S";"F";"Y";"L";"L"
"AMY73|Untitled|b2-microglobulin";34;3;20;"S";"F";"Y";"L";"L";"Y"
"AMY73|Untitled|b2-microglobulin";34;4;20;"F";"Y";"L";"L";"Y";"Y"
"AMY73|Untitled|b2-microglobulin";34;5;20;"Y";"L";"L";"Y";"Y";"T"
"AMY73|Untitled|b2-microglobulin";34;6;20;"L";"L";"Y";"Y";"T";"E"
"AMY73|Untitled|b2-microglobulin";34;7;20;"L";"Y";"Y";"T";"E";"F"
"AMY73|Untitled|b2-microglobulin";34;8;20;"Y";"Y";"T";"E";"F";"T"
"AMY73|Untitled|b2-microglobulin";34;9;20;"Y";"T";"E";"F";"T";"P"
"AMY73|Untitled|b2-microglobulin";34;10;20;"T";"E";"F";"T";"P";"T"
"AMY73|Untitled|b2-microglobulin";34;11;20;"E";"F";"T";"P";"T";"G"
"AMY73|Untitled|b2-microglobulin";34;12;20;"F";"T";"P";"T";"G";"K"
"AMY73|Untitled|b2-microglobulin";34;13;20;"T";"P";"T";"G";"K";"D"
"AMY73|Untitled|b2-microglobulin";34;14;20;"P";"T";"G";"K";"D";"E"
"AMY73|Untitled|b2-microglobulin";34;15;20;"T";"G";"K";"D";"E";"Y"
"AMY77|4Cro|437";35;1;17;"T";"K";"R";"P";"R";"F"
"AMY77|4Cro|437";35;2;17;"K";"R";"P";"R";"F";"L"
"AMY77|4Cro|437";35;3;17;"R";"P";"R";"F";"L";"Y"
"AMY77|4Cro|437";35;4;17;"P";"R";"F";"L";"Y";"E"
"AMY77|4Cro|437";35;5;17;"R";"F";"L";"Y";"E";"I"
"AMY77|4Cro|437";35;6;17;"F";"L";"Y";"E";"I";"A"
"AMY77|4Cro|437";35;7;17;"L";"Y";"E";"I";"A";"M"
"AMY77|4Cro|437";35;8;17;"Y";"E";"I";"A";"M";"A"
"AMY77|4Cro|437";35;9;17;"E";"I";"A";"M";"A";"L"
"AMY77|4Cro|437";35;10;17;"I";"A";"M";"A";"L";"N"
"AMY77|4Cro|437";35;11;17;"A";"M";"A";"L";"N";"S"
"AMY77|4Cro|437";35;12;17;"M";"A";"L";"N";"S";"D"
"AMY79|A-Helix|Myoglobin";36;1;19;"V";"L";"S";"E";"G";"E"
"AMY79|A-Helix|Myoglobin";36;2;19;"L";"S";"E";"G";"E";"W"
"AMY79|A-Helix|Myoglobin";36;3;19;"S";"E";"G";"E";"W";"Q"
"AMY79|A-Helix|Myoglobin";36;4;19;"E";"G";"E";"W";"Q";"L"
"AMY79|A-Helix|Myoglobin";36;5;19;"G";"E";"W";"Q";"L";"V"
"AMY79|A-Helix|Myoglobin";36;6;19;"E";"W";"Q";"L";"V";"L"
"AMY79|A-Helix|Myoglobin";36;7;19;"W";"Q";"L";"V";"L";"H"
"AMY79|A-Helix|Myoglobin";36;8;19;"Q";"L";"V";"L";"H";"V"
"AMY79|A-Helix|Myoglobin";36;9;19;"L";"V";"L";"H";"V";"W"
"AMY79|A-Helix|Myoglobin";36;10;19;"V";"L";"H";"V";"W";"A"
"AMY79|A-Helix|Myoglobin";36;11;19;"L";"H";"V";"W";"A";"K"
"AMY79|A-Helix|Myoglobin";36;12;19;"H";"V";"W";"A";"K";"V"
"AMY79|A-Helix|Myoglobin";36;13;19;"V";"W";"A";"K";"V";"E"
"AMY79|A-Helix|Myoglobin";36;14;19;"W";"A";"K";"V";"E";"A"
"AMY81|B-Helix|Myoglobin";37;1;16;"D";"V";"A";"G";"H";"G"
"AMY81|B-Helix|Myoglobin";37;2;16;"V";"A";"G";"H";"G";"Q"
"AMY81|B-Helix|Myoglobin";37;3;16;"A";"G";"H";"G";"Q";"D"
"AMY81|B-Helix|Myoglobin";37;4;16;"G";"H";"G";"Q";"D";"I"
"AMY81|B-Helix|Myoglobin";37;5;16;"H";"G";"Q";"D";"I";"L"
"AMY81|B-Helix|Myoglobin";37;6;16;"G";"Q";"D";"I";"L";"I"
"AMY81|B-Helix|Myoglobin";37;7;16;"Q";"D";"I";"L";"I";"R"
"AMY81|B-Helix|Myoglobin";37;8;16;"D";"I";"L";"I";"R";"L"
"AMY81|B-Helix|Myoglobin";37;9;16;"I";"L";"I";"R";"L";"F"
"AMY81|B-Helix|Myoglobin";37;10;16;"L";"I";"R";"L";"F";"K"
"AMY81|B-Helix|Myoglobin";37;11;16;"I";"R";"L";"F";"K";"S"
"AMY93|B";38;1;24;"S";"A";"P";"N";"L";"A"
"AMY93|B";38;2;24;"A";"P";"N";"L";"A";"T"
"AMY93|B";38;3;24;"P";"N";"L";"A";"T";"L"
"AMY93|B";38;4;24;"N";"L";"A";"T";"L";"V"
"AMY93|B";38;5;24;"L";"A";"T";"L";"V";"K"
"AMY93|B";38;6;24;"A";"T";"L";"V";"K";"V"
"AMY93|B";38;7;24;"T";"L";"V";"K";"V";"T"
"AMY93|B";38;8;24;"L";"V";"K";"V";"T";"T"
"AMY93|B";38;9;24;"V";"K";"V";"T";"T";"N"
"AMY93|B";38;10;24;"K";"V";"T";"T";"N";"H"
"AMY93|B";38;11;24;"V";"T";"T";"N";"H";"F"
"AMY93|B";38;12;24;"T";"T";"N";"H";"F";"T"
"AMY93|B";38;13;24;"T";"N";"H";"F";"T";"H"
"AMY93|B";38;14;24;"N";"H";"F";"T";"H";"E"
"AMY93|B";38;15;24;"H";"F";"T";"H";"E";"E"
"AMY93|B";38;16;24;"F";"T";"H";"E";"E";"A"
"AMY93|B";38;17;24;"T";"H";"E";"E";"A";"M"
"AMY93|B";38;18;24;"H";"E";"E";"A";"M";"M"
"AMY93|B";38;19;24;"E";"E";"A";"M";"M";"D"
"AMY95|C";39;1;19;"E";"V";"V";"P";"H";"K"
"AMY95|C";39;2;19;"V";"V";"P";"H";"K";"K"
"AMY95|C";39;3;19;"V";"P";"H";"K";"K";"M"
"AMY95|C";39;4;19;"P";"H";"K";"K";"M";"H"
"AMY95|C";39;5;19;"H";"K";"K";"M";"H";"K"
"AMY95|C";39;6;19;"K";"K";"M";"H";"K";"D"
"AMY95|C";39;7;19;"K";"M";"H";"K";"D";"F"
"AMY95|C";39;8;19;"M";"H";"K";"D";"F";"L"
"AMY95|C";39;9;19;"H";"K";"D";"F";"L";"E"
"AMY95|C";39;10;19;"K";"D";"F";"L";"E";"K"
"AMY95|C";39;11;19;"D";"F";"L";"E";"K";"I"
"AMY95|C";39;12;19;"F";"L";"E";"K";"I";"G"
"AMY95|C";39;13;19;"L";"E";"K";"I";"G";"G"
"AMY95|C";39;14;19;"E";"K";"I";"G";"G";"L"
"AMY99|Pc-2|Plastocyanin";40;1;15;"L";"E";"V";"L";"L";"G"
"AMY99|Pc-2|Plastocyanin";40;2;15;"E";"V";"L";"L";"G";"S"
"AMY99|Pc-2|Plastocyanin";40;3;15;"V";"L";"L";"G";"S";"G"
"AMY99|Pc-2|Plastocyanin";40;4;15;"L";"L";"G";"S";"G";"D"
"AMY99|Pc-2|Plastocyanin";40;5;15;"L";"G";"S";"G";"D";"G"
"AMY99|Pc-2|Plastocyanin";40;6;15;"G";"S";"G";"D";"G";"S"
"AMY99|Pc-2|Plastocyanin";40;7;15;"S";"G";"D";"G";"S";"L"
"AMY99|Pc-2|Plastocyanin";40;8;15;"G";"D";"G";"S";"L";"V"
"AMY99|Pc-2|Plastocyanin";40;9;15;"D";"G";"S";"L";"V";"F"
"AMY99|Pc-2|Plastocyanin";40;10;15;"G";"S";"L";"V";"F";"V"
"AMY105|Pc-6a|Plastocyanin";41;1;20;"G";"E";"K";"I";"V";"F"
"AMY105|Pc-6a|Plastocyanin";41;2;20;"E";"K";"I";"V";"F";"K"
"AMY105|Pc-6a|Plastocyanin";41;3;20;"K";"I";"V";"F";"K";"N"
"AMY105|Pc-6a|Plastocyanin";41;4;20;"I";"V";"F";"K";"N";"N"
"AMY105|Pc-6a|Plastocyanin";41;5;20;"V";"F";"K";"N";"N";"A"
"AMY105|Pc-6a|Plastocyanin";41;6;20;"F";"K";"N";"N";"A";"G"
"AMY105|Pc-6a|Plastocyanin";41;7;20;"K";"N";"N";"A";"G";"F"
"AMY105|Pc-6a|Plastocyanin";41;8;20;"N";"N";"A";"G";"F";"P"
"AMY105|Pc-6a|Plastocyanin";41;9;20;"N";"A";"G";"F";"P";"H"
"AMY105|Pc-6a|Plastocyanin";41;10;20;"A";"G";"F";"P";"H";"N"
"AMY105|Pc-6a|Plastocyanin";41;11;20;"G";"F";"P";"H";"N";"V"
"AMY105|Pc-6a|Plastocyanin";41;12;20;"F";"P";"H";"N";"V";"V"
"AMY105|Pc-6a|Plastocyanin";41;13;20;"P";"H";"N";"V";"V";"F"
"AMY105|Pc-6a|Plastocyanin";41;14;20;"H";"N";"V";"V";"F";"D"
"AMY105|Pc-6a|Plastocyanin";41;15;20;"N";"V";"V";"F";"D";"E"
"AMY109|Pc-10|Plastocyanin";42;1;12;"I";"P";"A";"G";"V";"D"
"AMY109|Pc-10|Plastocyanin";42;2;12;"P";"A";"G";"V";"D";"A"
"AMY109|Pc-10|Plastocyanin";42;3;12;"A";"G";"V";"D";"A";"V"
"AMY109|Pc-10|Plastocyanin";42;4;12;"G";"V";"D";"A";"V";"K"
"AMY109|Pc-10|Plastocyanin";42;5;12;"V";"D";"A";"V";"K";"I"
"AMY109|Pc-10|Plastocyanin";42;6;12;"D";"A";"V";"K";"I";"S"
"AMY109|Pc-10|Plastocyanin";42;7;12;"A";"V";"K";"I";"S";"M"
"AMY113|Pc-12|Plastocyanin";43;1;18;"M";"P";"E";"E";"E";"L"
"AMY113|Pc-12|Plastocyanin";43;2;18;"P";"E";"E";"E";"L";"L"
"AMY113|Pc-12|Plastocyanin";43;3;18;"E";"E";"E";"L";"L";"N"
"AMY113|Pc-12|Plastocyanin";43;4;18;"E";"E";"L";"L";"N";"A"
"AMY113|Pc-12|Plastocyanin";43;5;18;"E";"L";"L";"N";"A";"P"
"AMY113|Pc-12|Plastocyanin";43;6;18;"L";"L";"N";"A";"P";"G"
"AMY113|Pc-12|Plastocyanin";43;7;18;"L";"N";"A";"P";"G";"E"
"AMY113|Pc-12|Plastocyanin";43;8;18;"N";"A";"P";"G";"E";"T"
"AMY113|Pc-12|Plastocyanin";43;9;18;"A";"P";"G";"E";"T";"Y"
"AMY113|Pc-12|Plastocyanin";43;10;18;"P";"G";"E";"T";"Y";"V"
"AMY113|Pc-12|Plastocyanin";43;11;18;"G";"E";"T";"Y";"V";"V"
"AMY113|Pc-12|Plastocyanin";43;12;18;"E";"T";"Y";"V";"V";"T"
"AMY113|Pc-12|Plastocyanin";43;13;18;"T";"Y";"V";"V";"T";"L"
"AMY117|Pc-14|Plastocyanin";44;1;8;"G";"E";"T";"Y";"V";"V"
"AMY117|Pc-14|Plastocyanin";44;2;8;"E";"T";"Y";"V";"V";"T"
"AMY117|Pc-14|Plastocyanin";44;3;8;"T";"Y";"V";"V";"T";"L"
"AMY120|Pc-16|Plastocyanin";45;1;7;"G";"T";"Y";"S";"F";"Y"
"AMY120|Pc-16|Plastocyanin";45;2;7;"T";"Y";"S";"F";"Y";"T"
"AMY124|Pc-19|Plastocyanin";46;1;22;"G";"T";"V";"S";"F";"V"
"AMY124|Pc-19|Plastocyanin";46;2;22;"T";"V";"S";"F";"V";"T"
"AMY124|Pc-19|Plastocyanin";46;3;22;"V";"S";"F";"V";"T";"S"
"AMY124|Pc-19|Plastocyanin";46;4;22;"S";"F";"V";"T";"S";"P"
"AMY124|Pc-19|Plastocyanin";46;5;22;"F";"V";"T";"S";"P";"H"
"AMY124|Pc-19|Plastocyanin";46;6;22;"V";"T";"S";"P";"H";"Q"
"AMY124|Pc-19|Plastocyanin";46;7;22;"T";"S";"P";"H";"Q";"G"
"AMY124|Pc-19|Plastocyanin";46;8;22;"S";"P";"H";"Q";"G";"A"
"AMY124|Pc-19|Plastocyanin";46;9;22;"P";"H";"Q";"G";"A";"G"
"AMY124|Pc-19|Plastocyanin";46;10;22;"H";"Q";"G";"A";"G";"M"
"AMY124|Pc-19|Plastocyanin";46;11;22;"Q";"G";"A";"G";"M";"V"
"AMY124|Pc-19|Plastocyanin";46;12;22;"G";"A";"G";"M";"V";"G"
"AMY124|Pc-19|Plastocyanin";46;13;22;"A";"G";"M";"V";"G";"K"
"AMY124|Pc-19|Plastocyanin";46;14;22;"G";"M";"V";"G";"K";"V"
"AMY124|Pc-19|Plastocyanin";46;15;22;"M";"V";"G";"K";"V";"T"
"AMY124|Pc-19|Plastocyanin";46;16;22;"V";"G";"K";"V";"T";"V"
"AMY124|Pc-19|Plastocyanin";46;17;22;"G";"K";"V";"T";"V";"N"
"AMY126|P29-44|Bovine";47;1;16;"L";"S";"Q";"T";"F";"V"
"AMY126|P29-44|Bovine";47;2;16;"S";"Q";"T";"F";"V";"Y"
"AMY126|P29-44|Bovine";47;3;16;"Q";"T";"F";"V";"Y";"G"
"AMY126|P29-44|Bovine";47;4;16;"T";"F";"V";"Y";"G";"G"
"AMY126|P29-44|Bovine";47;5;16;"F";"V";"Y";"G";"G";"S"
"AMY126|P29-44|Bovine";47;6;16;"V";"Y";"G";"G";"S";"R"
"AMY126|P29-44|Bovine";47;7;16;"Y";"G";"G";"S";"R";"A"
"AMY126|P29-44|Bovine";47;8;16;"G";"G";"S";"R";"A";"K"
"AMY126|P29-44|Bovine";47;9;16;"G";"S";"R";"A";"K";"R"
"AMY126|P29-44|Bovine";47;10;16;"S";"R";"A";"K";"R";"N"
"AMY126|P29-44|Bovine";47;11;16;"R";"A";"K";"R";"N";"N"
"AMY131|Beta";48;1;11;"M";"K";"V";"I";"F";"L"
"AMY131|Beta";48;2;11;"K";"V";"I";"F";"L";"K"
"AMY131|Beta";48;3;11;"V";"I";"F";"L";"K";"D"
"AMY131|Beta";48;4;11;"I";"F";"L";"K";"D";"V"
"AMY131|Beta";48;5;11;"F";"L";"K";"D";"V";"K"
"AMY131|Beta";48;6;11;"L";"K";"D";"V";"K";"G"
"AMY133|Alpha";49;1;11;"G";"Y";"A";"N";"N";"F"
"AMY133|Alpha";49;2;11;"Y";"A";"N";"N";"F";"L"
"AMY133|Alpha";49;3;11;"A";"N";"N";"F";"L";"F"
"AMY133|Alpha";49;4;11;"N";"N";"F";"L";"F";"K"
"AMY133|Alpha";49;5;11;"N";"F";"L";"F";"K";"Q"
"AMY133|Alpha";49;6;11;"F";"L";"F";"K";"Q";"G"
"AMY138|Alpha";50;1;20;"Q";"I";"S";"F";"A";"D"
"AMY138|Alpha";50;2;20;"I";"S";"F";"A";"D";"Y"
"AMY138|Alpha";50;3;20;"S";"F";"A";"D";"Y";"N"
"AMY138|Alpha";50;4;20;"F";"A";"D";"Y";"N";"L"
"AMY138|Alpha";50;5;20;"A";"D";"Y";"N";"L";"L"
"AMY138|Alpha";50;6;20;"D";"Y";"N";"L";"L";"D"
"AMY138|Alpha";50;7;20;"Y";"N";"L";"L";"D";"L"
"AMY138|Alpha";50;8;20;"N";"L";"L";"D";"L";"L"
"AMY138|Alpha";50;9;20;"L";"L";"D";"L";"L";"R"
"AMY138|Alpha";50;10;20;"L";"D";"L";"L";"R";"I"
"AMY138|Alpha";50;11;20;"D";"L";"L";"R";"I";"H"
"AMY138|Alpha";50;12;20;"L";"L";"R";"I";"H";"Q"
"AMY138|Alpha";50;13;20;"L";"R";"I";"H";"Q";"V"
"AMY138|Alpha";50;14;20;"R";"I";"H";"Q";"V";"L"
"AMY138|Alpha";50;15;20;"I";"H";"Q";"V";"L";"N"
"AMY143|M8|Spectrin";51;1;20;"D";"I";"L";"T";"L";"L"
"AMY143|M8|Spectrin";51;2;20;"I";"L";"T";"L";"L";"N"
"AMY143|M8|Spectrin";51;3;20;"L";"T";"L";"L";"N";"S"
"AMY143|M8|Spectrin";51;4;20;"T";"L";"L";"N";"S";"T"
"AMY143|M8|Spectrin";51;5;20;"L";"L";"N";"S";"T";"N"
"AMY143|M8|Spectrin";51;6;20;"L";"N";"S";"T";"N";"K"
"AMY143|M8|Spectrin";51;7;20;"N";"S";"T";"N";"K";"D"
"AMY143|M8|Spectrin";51;8;20;"S";"T";"N";"K";"D";"W"
"AMY143|M8|Spectrin";51;9;20;"T";"N";"K";"D";"W";"W"
"AMY143|M8|Spectrin";51;10;20;"N";"K";"D";"W";"W";"K"
"AMY143|M8|Spectrin";51;11;20;"K";"D";"W";"W";"K";"V"
"AMY143|M8|Spectrin";51;12;20;"D";"W";"W";"K";"V";"E"
"AMY143|M8|Spectrin";51;13;20;"W";"W";"K";"V";"E";"V"
"AMY143|M8|Spectrin";51;14;20;"W";"K";"V";"E";"V";"N"
"AMY143|M8|Spectrin";51;15;20;"K";"V";"E";"V";"N";"D"
"AMY145|M6|Spectrin";52;1;16;"D";"W";"W";"K";"V";"E"
"AMY145|M6|Spectrin";52;2;16;"W";"W";"K";"V";"E";"V"
"AMY145|M6|Spectrin";52;3;16;"W";"K";"V";"E";"V";"N"
"AMY145|M6|Spectrin";52;4;16;"K";"V";"E";"V";"N";"D"
"AMY145|M6|Spectrin";52;5;16;"V";"E";"V";"N";"D";"R"
"AMY145|M6|Spectrin";52;6;16;"E";"V";"N";"D";"R";"Q"
"AMY145|M6|Spectrin";52;7;16;"V";"N";"D";"R";"Q";"G"
"AMY145|M6|Spectrin";52;8;16;"N";"D";"R";"Q";"G";"F"
"AMY145|M6|Spectrin";52;9;16;"D";"R";"Q";"G";"F";"V"
"AMY145|M6|Spectrin";52;10;16;"R";"Q";"G";"F";"V";"P"
"AMY145|M6|Spectrin";52;11;16;"Q";"G";"F";"V";"P";"A"
"AMY149|H2";53;1;18;"F";"V";"N";"V";"Q";"A"
"AMY149|H2";53;2;18;"V";"N";"V";"Q";"A";"V"
"AMY149|H2";53;3;18;"N";"V";"Q";"A";"V";"K"
"AMY149|H2";53;4;18;"V";"Q";"A";"V";"K";"V"
"AMY149|H2";53;5;18;"Q";"A";"V";"K";"V";"F"
"AMY149|H2";53;6;18;"A";"V";"K";"V";"F";"L"
"AMY149|H2";53;7;18;"V";"K";"V";"F";"L";"E"
"AMY149|H2";53;8;18;"K";"V";"F";"L";"E";"S"
"AMY149|H2";53;9;18;"V";"F";"L";"E";"S";"Q"
"AMY149|H2";53;10;18;"F";"L";"E";"S";"Q";"G"
"AMY149|H2";53;11;18;"L";"E";"S";"Q";"G";"I"
"AMY149|H2";53;12;18;"E";"S";"Q";"G";"I";"A"
"AMY149|H2";53;13;18;"S";"Q";"G";"I";"A";"Y"
"AMY150|H2";54;1;18;"F";"V";"N";"V";"E";"A"
"AMY150|H2";54;2;18;"V";"N";"V";"E";"A";"V"
"AMY150|H2";54;3;18;"N";"V";"E";"A";"V";"K"
"AMY150|H2";54;4;18;"V";"E";"A";"V";"K";"A"
"AMY150|H2";54;5;18;"E";"A";"V";"K";"A";"F"
"AMY150|H2";54;6;18;"A";"V";"K";"A";"F";"L"
"AMY150|H2";54;7;18;"V";"K";"A";"F";"L";"E"
"AMY150|H2";54;8;18;"K";"A";"F";"L";"E";"A"
"AMY150|H2";54;9;18;"A";"F";"L";"E";"A";"H"
"AMY150|H2";54;10;18;"F";"L";"E";"A";"H";"G"
"AMY150|H2";54;11;18;"L";"E";"A";"H";"G";"I"
"AMY150|H2";54;12;18;"E";"A";"H";"G";"I";"A"
"AMY150|H2";54;13;18;"A";"H";"G";"I";"A";"Y"
"AMY155|Ara5|Ara";55;1;19;"S";"T";"N";"V";"K";"T"
"AMY155|Ara5|Ara";55;2;19;"T";"N";"V";"K";"T";"A"
"AMY155|Ara5|Ara";55;3;19;"N";"V";"K";"T";"A";"F"
"AMY155|Ara5|Ara";55;4;19;"V";"K";"T";"A";"F";"E"
"AMY155|Ara5|Ara";55;5;19;"K";"T";"A";"F";"E";"M"
"AMY155|Ara5|Ara";55;6;19;"T";"A";"F";"E";"M";"V"
"AMY155|Ara5|Ara";55;7;19;"A";"F";"E";"M";"V";"I"
"AMY155|Ara5|Ara";55;8;19;"F";"E";"M";"V";"I";"L"
"AMY155|Ara5|Ara";55;9;19;"E";"M";"V";"I";"L";"D"
"AMY155|Ara5|Ara";55;10;19;"M";"V";"I";"L";"D";"I"
"AMY155|Ara5|Ara";55;11;19;"V";"I";"L";"D";"I";"Y"
"AMY155|Ara5|Ara";55;12;19;"I";"L";"D";"I";"Y";"N"
"AMY155|Ara5|Ara";55;13;19;"L";"D";"I";"Y";"N";"N"
"AMY155|Ara5|Ara";55;14;19;"D";"I";"Y";"N";"N";"V"
"AMY160|ComA5|Com-A";56;1;20;"T";"E";"S";"K";"E";"K"
"AMY160|ComA5|Com-A";56;2;20;"E";"S";"K";"E";"K";"I"
"AMY160|ComA5|Com-A";56;3;20;"S";"K";"E";"K";"I";"T"
"AMY160|ComA5|Com-A";56;4;20;"K";"E";"K";"I";"T";"Q"
"AMY160|ComA5|Com-A";56;5;20;"E";"K";"I";"T";"Q";"Y"
"AMY160|ComA5|Com-A";56;6;20;"K";"I";"T";"Q";"Y";"I"
"AMY160|ComA5|Com-A";56;7;20;"I";"T";"Q";"Y";"I";"Y"
"AMY160|ComA5|Com-A";56;8;20;"T";"Q";"Y";"I";"Y";"H"
"AMY160|ComA5|Com-A";56;9;20;"Q";"Y";"I";"Y";"H";"V"
"AMY160|ComA5|Com-A";56;10;20;"Y";"I";"Y";"H";"V";"L"
"AMY160|ComA5|Com-A";56;11;20;"I";"Y";"H";"V";"L";"N"
"AMY160|ComA5|Com-A";56;12;20;"Y";"H";"V";"L";"N";"G"
"AMY160|ComA5|Com-A";56;13;20;"H";"V";"L";"N";"G";"E"
"AMY160|ComA5|Com-A";56;14;20;"V";"L";"N";"G";"E";"I"
"AMY160|ComA5|Com-A";56;15;20;"L";"N";"G";"E";"I";"L"
"AMY164|Che";57;1;17;"A";"K";"K";"E";"N";"I"
"AMY164|Che";57;2;17;"K";"K";"E";"N";"I";"I"
"AMY164|Che";57;3;17;"K";"E";"N";"I";"I";"A"
"AMY164|Che";57;4;17;"E";"N";"I";"I";"A";"A"
"AMY164|Che";57;5;17;"N";"I";"I";"A";"A";"A"
"AMY164|Che";57;6;17;"I";"I";"A";"A";"A";"Q"
"AMY164|Che";57;7;17;"I";"A";"A";"A";"Q";"A"
"AMY164|Che";57;8;17;"A";"A";"A";"Q";"A";"G"
"AMY164|Che";57;9;17;"A";"A";"Q";"A";"G";"A"
"AMY164|Che";57;10;17;"A";"Q";"A";"G";"A";"S"
"AMY164|Che";57;11;17;"Q";"A";"G";"A";"S";"G"
"AMY164|Che";57;12;17;"A";"G";"A";"S";"G";"Y"
"AMY165|Che";58;1;21;"P";"F";"T";"A";"A";"T"
"AMY165|Che";58;2;21;"F";"T";"A";"A";"T";"L"
"AMY165|Che";58;3;21;"T";"A";"A";"T";"L";"E"
"AMY165|Che";58;4;21;"A";"A";"T";"L";"E";"E"
"AMY165|Che";58;5;21;"A";"T";"L";"E";"E";"K"
"AMY165|Che";58;6;21;"T";"L";"E";"E";"K";"L"
"AMY165|Che";58;7;21;"L";"E";"E";"K";"L";"N"
"AMY165|Che";58;8;21;"E";"E";"K";"L";"N";"K"
"AMY165|Che";58;9;21;"E";"K";"L";"N";"K";"I"
"AMY165|Che";58;10;21;"K";"L";"N";"K";"I";"F"
"AMY165|Che";58;11;21;"L";"N";"K";"I";"F";"E"
"AMY165|Che";58;12;21;"N";"K";"I";"F";"E";"K"
"AMY165|Che";58;13;21;"K";"I";"F";"E";"K";"L"
"AMY165|Che";58;14;21;"I";"F";"E";"K";"L";"G"
"AMY165|Che";58;15;21;"F";"E";"K";"L";"G";"M"
"AMY165|Che";58;16;21;"E";"K";"L";"G";"M";"Y"
"AMY170|P21A|P21-ras";59;1;18;"G";"V";"G";"K";"S";"A"
"AMY170|P21A|P21-ras";59;2;18;"V";"G";"K";"S";"A";"L"
"AMY170|P21A|P21-ras";59;3;18;"G";"K";"S";"A";"L";"T"
"AMY170|P21A|P21-ras";59;4;18;"K";"S";"A";"L";"T";"I"
"AMY170|P21A|P21-ras";59;5;18;"S";"A";"L";"T";"I";"Q"
"AMY170|P21A|P21-ras";59;6;18;"A";"L";"T";"I";"Q";"L"
"AMY170|P21A|P21-ras";59;7;18;"L";"T";"I";"Q";"L";"I"
"AMY170|P21A|P21-ras";59;8;18;"T";"I";"Q";"L";"I";"Q"
"AMY170|P21A|P21-ras";59;9;18;"I";"Q";"L";"I";"Q";"N"
"AMY170|P21A|P21-ras";59;10;18;"Q";"L";"I";"Q";"N";"H"
"AMY170|P21A|P21-ras";59;11;18;"L";"I";"Q";"N";"H";"F"
"AMY170|P21A|P21-ras";59;12;18;"I";"Q";"N";"H";"F";"V"
"AMY170|P21A|P21-ras";59;13;18;"Q";"N";"H";"F";"V";"Y"
"AMY174|P21E|P21-ras";60;1;19;"R";"Q";"G";"V";"E";"D"
"AMY174|P21E|P21-ras";60;2;19;"Q";"G";"V";"E";"D";"A"
"AMY174|P21E|P21-ras";60;3;19;"G";"V";"E";"D";"A";"F"
"AMY174|P21E|P21-ras";60;4;19;"V";"E";"D";"A";"F";"Y"
"AMY174|P21E|P21-ras";60;5;19;"E";"D";"A";"F";"Y";"T"
"AMY174|P21E|P21-ras";60;6;19;"D";"A";"F";"Y";"T";"L"
"AMY174|P21E|P21-ras";60;7;19;"A";"F";"Y";"T";"L";"V"
"AMY174|P21E|P21-ras";60;8;19;"F";"Y";"T";"L";"V";"R"
"AMY174|P21E|P21-ras";60;9;19;"Y";"T";"L";"V";"R";"E"
"AMY174|P21E|P21-ras";60;10;19;"T";"L";"V";"R";"E";"I"
"AMY174|P21E|P21-ras";60;11;19;"L";"V";"R";"E";"I";"R"
"AMY174|P21E|P21-ras";60;12;19;"V";"R";"E";"I";"R";"Q"
"AMY174|P21E|P21-ras";60;13;19;"R";"E";"I";"R";"Q";"H"
"AMY174|P21E|P21-ras";60;14;19;"E";"I";"R";"Q";"H";"K"
"AMY175|PL";61;1;21;"V";"T";"I";"K";"A";"N"
"AMY175|PL";61;2;21;"T";"I";"K";"A";"N";"L"
"AMY175|PL";61;3;21;"I";"K";"A";"N";"L";"I"
"AMY175|PL";61;4;21;"K";"A";"N";"L";"I";"F"
"AMY175|PL";61;5;21;"A";"N";"L";"I";"F";"A"
"AMY175|PL";61;6;21;"N";"L";"I";"F";"A";"N"
"AMY175|PL";61;7;21;"L";"I";"F";"A";"N";"G"
"AMY175|PL";61;8;21;"I";"F";"A";"N";"G";"F"
"AMY175|PL";61;9;21;"F";"A";"N";"G";"F";"T"
"AMY175|PL";61;10;21;"A";"N";"G";"F";"T";"Q"
"AMY175|PL";61;11;21;"N";"G";"F";"T";"Q";"T"
"AMY175|PL";61;12;21;"G";"F";"T";"Q";"T";"A"
"AMY175|PL";61;13;21;"F";"T";"Q";"T";"A";"E"
"AMY175|PL";61;14;21;"T";"Q";"T";"A";"E";"F"
"AMY175|PL";61;15;21;"Q";"T";"A";"E";"F";"K"
"AMY175|PL";61;16;21;"T";"A";"E";"F";"K";"G"
"AMY176|PL";62;1;25;"K";"G";"T";"F";"E";"K"
"AMY176|PL";62;2;25;"G";"T";"F";"E";"K";"A"
"AMY176|PL";62;3;25;"T";"F";"E";"K";"A";"T"
"AMY176|PL";62;4;25;"F";"E";"K";"A";"T";"S"
"AMY176|PL";62;5;25;"E";"K";"A";"T";"S";"E"
"AMY176|PL";62;6;25;"K";"A";"T";"S";"E";"A"
"AMY176|PL";62;7;25;"A";"T";"S";"E";"A";"Y"
"AMY176|PL";62;8;25;"T";"S";"E";"A";"Y";"A"
"AMY176|PL";62;9;25;"S";"E";"A";"Y";"A";"Y"
"AMY176|PL";62;10;25;"E";"A";"Y";"A";"Y";"A"
"AMY176|PL";62;11;25;"A";"Y";"A";"Y";"A";"D"
"AMY176|PL";62;12;25;"Y";"A";"Y";"A";"D";"T"
"AMY176|PL";62;13;25;"A";"Y";"A";"D";"T";"L"
"AMY176|PL";62;14;25;"Y";"A";"D";"T";"L";"K"
"AMY176|PL";62;15;25;"A";"D";"T";"L";"K";"K"
"AMY176|PL";62;16;25;"D";"T";"L";"K";"K";"D"
"AMY176|PL";62;17;25;"T";"L";"K";"K";"D";"N"
"AMY176|PL";62;18;25;"L";"K";"K";"D";"N";"G"
"AMY176|PL";62;19;25;"K";"K";"D";"N";"G";"E"
"AMY176|PL";62;20;25;"K";"D";"N";"G";"E";"Y"
"AMY177|PL";63;1;21;"G";"E";"Y";"T";"V";"D"
"AMY177|PL";63;2;21;"E";"Y";"T";"V";"D";"V"
"AMY177|PL";63;3;21;"Y";"T";"V";"D";"V";"A"
"AMY177|PL";63;4;21;"T";"V";"D";"V";"A";"D"
"AMY177|PL";63;5;21;"V";"D";"V";"A";"D";"K"
"AMY177|PL";63;6;21;"D";"V";"A";"D";"K";"G"
"AMY177|PL";63;7;21;"V";"A";"D";"K";"G";"Y"
"AMY177|PL";63;8;21;"A";"D";"K";"G";"Y";"T"
"AMY177|PL";63;9;21;"D";"K";"G";"Y";"T";"L"
"AMY177|PL";63;10;21;"K";"G";"Y";"T";"L";"N"
"AMY177|PL";63;11;21;"G";"Y";"T";"L";"N";"I"
"AMY177|PL";63;12;21;"Y";"T";"L";"N";"I";"K"
"AMY177|PL";63;13;21;"T";"L";"N";"I";"K";"F"
"AMY177|PL";63;14;21;"L";"N";"I";"K";"F";"A"
"AMY177|PL";63;15;21;"N";"I";"K";"F";"A";"G"
"AMY177|PL";63;16;21;"I";"K";"F";"A";"G";"D"
"AMY195|86-95|Prion";64;1;10;"V";"H";"D";"C";"V";"N"
"AMY195|86-95|Prion";64;2;10;"H";"D";"C";"V";"N";"I"
"AMY195|86-95|Prion";64;3;10;"D";"C";"V";"N";"I";"T"
"AMY195|86-95|Prion";64;4;10;"C";"V";"N";"I";"T";"I"
"AMY195|86-95|Prion";64;5;10;"V";"N";"I";"T";"I";"K"
"AMY206|141-150|Prion";65;1;10;"S";"M";"V";"L";"F";"S"
"AMY206|141-150|Prion";65;2;10;"M";"V";"L";"F";"S";"S"
"AMY206|141-150|Prion";65;3;10;"V";"L";"F";"S";"S";"P"
"AMY206|141-150|Prion";65;4;10;"L";"F";"S";"S";"P";"P"
"AMY206|141-150|Prion";65;5;10;"F";"S";"S";"P";"P";"V"
"AMY207|146-155|Prion";66;1;10;"S";"S";"P";"P";"V";"I"
"AMY207|146-155|Prion";66;2;10;"S";"P";"P";"V";"I";"L"
"AMY207|146-155|Prion";66;3;10;"P";"P";"V";"I";"L";"L"
"AMY207|146-155|Prion";66;4;10;"P";"V";"I";"L";"L";"I"
"AMY207|146-155|Prion";66;5;10;"V";"I";"L";"L";"I";"S"
"AMY208|151-160|Prion";67;1;10;"I";"L";"L";"I";"S";"F"
"AMY208|151-160|Prion";67;2;10;"L";"L";"I";"S";"F";"L"
"AMY208|151-160|Prion";67;3;10;"L";"I";"S";"F";"L";"I"
"AMY208|151-160|Prion";67;4;10;"I";"S";"F";"L";"I";"F"
"AMY208|151-160|Prion";67;5;10;"S";"F";"L";"I";"F";"L"
"AMY209|156-163|Prion";68;1;8;"F";"L";"I";"F";"L";"I"
"AMY209|156-163|Prion";68;2;8;"L";"I";"F";"L";"I";"V"
"AMY209|156-163|Prion";68;3;8;"I";"F";"L";"I";"V";"G"
"AMY210|5-14|Lysozyme";69;1;10;"R";"C";"E";"L";"A";"R"
"AMY210|5-14|Lysozyme";69;2;10;"C";"E";"L";"A";"R";"T"
"AMY210|5-14|Lysozyme";69;3;10;"E";"L";"A";"R";"T";"L"
"AMY210|5-14|Lysozyme";69;4;10;"L";"A";"R";"T";"L";"K"
"AMY210|5-14|Lysozyme";69;5;10;"A";"R";"T";"L";"K";"R"
"AMY214|25-34|Lysozyme";70;1;10;"L";"A";"N";"W";"M";"C"
"AMY214|25-34|Lysozyme";70;2;10;"A";"N";"W";"M";"C";"L"
"AMY214|25-34|Lysozyme";70;3;10;"N";"W";"M";"C";"L";"A"
"AMY214|25-34|Lysozyme";70;4;10;"W";"M";"C";"L";"A";"K"
"AMY214|25-34|Lysozyme";70;5;10;"M";"C";"L";"A";"K";"W"
"AMY243|54-63|b2-microglobulin";71;1;10;"D";"L";"S";"F";"S";"K"
"AMY243|54-63|b2-microglobulin";71;2;10;"L";"S";"F";"S";"K";"D"
"AMY243|54-63|b2-microglobulin";71;3;10;"S";"F";"S";"K";"D";"W"
"AMY243|54-63|b2-microglobulin";71;4;10;"F";"S";"K";"D";"W";"S"
"AMY243|54-63|b2-microglobulin";71;5;10;"S";"K";"D";"W";"S";"F"
"AMY244|59-68|b2-microglobulin";72;1;10;"K";"D";"W";"S";"F";"Y"
"AMY244|59-68|b2-microglobulin";72;2;10;"D";"W";"S";"F";"Y";"L"
"AMY244|59-68|b2-microglobulin";72;3;10;"W";"S";"F";"Y";"L";"L"
"AMY244|59-68|b2-microglobulin";72;4;10;"S";"F";"Y";"L";"L";"Y"
"AMY244|59-68|b2-microglobulin";72;5;10;"F";"Y";"L";"L";"Y";"Y"
"AMY245|64-73|b2-microglobulin";73;1;10;"Y";"L";"L";"Y";"Y";"T"
"AMY245|64-73|b2-microglobulin";73;2;10;"L";"L";"Y";"Y";"T";"E"
"AMY245|64-73|b2-microglobulin";73;3;10;"L";"Y";"Y";"T";"E";"F"
"AMY245|64-73|b2-microglobulin";73;4;10;"Y";"Y";"T";"E";"F";"T"
"AMY245|64-73|b2-microglobulin";73;5;10;"Y";"T";"E";"F";"T";"P"
"AMY246|69-78|b2-microglobulin";74;1;10;"T";"E";"F";"T";"P";"T"
"AMY246|69-78|b2-microglobulin";74;2;10;"E";"F";"T";"P";"T";"E"
"AMY246|69-78|b2-microglobulin";74;3;10;"F";"T";"P";"T";"E";"K"
"AMY246|69-78|b2-microglobulin";74;4;10;"T";"P";"T";"E";"K";"D"
"AMY246|69-78|b2-microglobulin";74;5;10;"P";"T";"E";"K";"D";"E"
"AMY250|Untitled|De";75;1;6;"Y";"T";"V";"I";"I";"E"
"AMY251|Untitled|De";76;1;6;"W";"T";"V";"I";"I";"E"
"AMY252|Untitled|De";77;1;6;"V";"T";"V";"I";"I";"E"
"AMY253|Untitled|De";78;1;6;"T";"T";"V";"I";"I";"E"
"AMY254|Untitled|De";79;1;6;"S";"Y";"V";"I";"I";"E"
"AMY255|Untitled|De";80;1;6;"S";"V";"V";"I";"I";"E"
"AMY256|Untitled|De";81;1;6;"S";"T";"V";"Y";"I";"E"
"AMY257|Untitled|De";82;1;6;"S";"T";"V";"W";"I";"E"
"AMY258|Untitled|De";83;1;6;"S";"T";"V";"T";"I";"E"
"AMY259|Untitled|De";84;1;6;"S";"T";"V";"N";"I";"E"
"AMY260|Untitled|De";85;1;6;"S";"T";"V";"L";"I";"E"
"AMY261|Untitled|De";86;1;6;"S";"T";"V";"I";"Y";"E"
"AMY262|Untitled|De";87;1;6;"S";"T";"V";"I";"I";"Y"
"AMY263|Untitled|De";88;1;6;"S";"T";"V";"I";"I";"W"
"AMY264|Untitled|De";89;1;6;"S";"T";"V";"I";"I";"V"
"AMY265|Untitled|De";90;1;6;"S";"T";"V";"I";"I";"T"
"AMY266|Untitled|De";91;1;6;"S";"T";"V";"I";"I";"S"
"AMY267|Untitled|De";92;1;6;"S";"T";"V";"I";"I";"Q"
"AMY268|Untitled|De";93;1;6;"S";"T";"V";"I";"I";"N"
"AMY269|Untitled|De";94;1;6;"S";"T";"V";"I";"I";"M"
"AMY270|Untitled|De";95;1;6;"S";"T";"V";"I";"I";"L"
"AMY271|Untitled|De";96;1;6;"S";"T";"V";"I";"I";"I"
"AMY272|Untitled|De";97;1;6;"S";"T";"V";"I";"I";"F"
"AMY273|Untitled|De";98;1;6;"S";"T";"V";"I";"I";"E"
"AMY274|Untitled|De";99;1;6;"S";"T";"V";"I";"I";"D"
"AMY275|Untitled|De";100;1;6;"S";"T";"V";"I";"I";"A"
"AMY276|Untitled|De";101;1;6;"S";"T";"V";"I";"F";"E"
"AMY277|Untitled|De";102;1;6;"S";"T";"V";"F";"I";"E"
"AMY278|Untitled|De";103;1;6;"S";"T";"V";"E";"I";"E"
"AMY279|Untitled|De";104;1;6;"S";"T";"S";"I";"I";"E"
"AMY280|Untitled|De";105;1;6;"S";"T";"Q";"I";"I";"E"
"AMY281|Untitled|De";106;1;6;"S";"T";"N";"I";"I";"E"
"AMY282|Untitled|De";107;1;6;"S";"T";"L";"I";"I";"E"
"AMY283|Untitled|De";108;1;6;"S";"T";"F";"I";"I";"E"
"AMY284|Untitled|De";109;1;6;"S";"T";"E";"I";"I";"E"
"AMY285|Untitled|De";110;1;6;"S";"S";"V";"I";"I";"E"
"AMY286|Untitled|De";111;1;6;"S";"Q";"V";"I";"I";"E"
"AMY287|Untitled|De";112;1;6;"S";"N";"V";"I";"I";"E"
"AMY288|Untitled|De";113;1;6;"S";"M";"V";"I";"I";"E"
"AMY289|Untitled|De";114;1;6;"S";"L";"V";"I";"I";"E"
"AMY290|Untitled|De";115;1;6;"S";"I";"V";"I";"I";"E"
"AMY291|Untitled|De";116;1;6;"S";"G";"V";"I";"I";"E"
"AMY292|Untitled|De";117;1;6;"S";"F";"V";"I";"I";"E"
"AMY293|Untitled|De";118;1;6;"S";"E";"V";"I";"I";"E"
"AMY294|Untitled|De";119;1;6;"S";"D";"V";"I";"I";"E"
"AMY295|Untitled|De";120;1;6;"S";"A";"V";"I";"I";"E"
"AMY296|Untitled|De";121;1;6;"Q";"T";"V";"I";"I";"E"
"AMY297|Untitled|De";122;1;6;"N";"T";"V";"I";"I";"E"
"AMY298|Untitled|De";123;1;6;"M";"T";"V";"I";"I";"E"
"AMY299|Untitled|De";124;1;6;"L";"T";"V";"I";"I";"E"
"AMY300|Untitled|De";125;1;6;"I";"T";"V";"I";"I";"E"
"AMY301|Untitled|De";126;1;6;"G";"T";"V";"I";"I";"E"
"AMY302|Untitled|De";127;1;6;"F";"T";"V";"I";"I";"E"
"AMY303|Untitled|De";128;1;6;"E";"T";"V";"I";"I";"E"
"AMY304|Untitled|De";129;1;6;"D";"T";"V";"I";"I";"E"
"AMY305|Untitled|De";130;1;6;"A";"T";"V";"I";"I";"E"
"AMY344|Untitled|Amylin";131;1;6;"N";"F";"G";"A";"I";"L"
"AMY345|Untitled|Amylin";132;1;6;"F";"L";"V";"H";"S";"S"
"AMY348|Untitled|b2-microglobulin";133;1;6;"N";"H";"V";"T";"L";"S"
"AMY349|Untitled|b2-microglobulin";134;1;6;"L";"L";"Y";"Y";"T";"E"
"AMY350|Untitled|b2-microglobulin";135;1;6;"K";"I";"V";"K";"W";"D"
"AMY351|Untitled|b2-microglobulin";136;1;6;"K";"D";"W";"S";"F";"Y"
"AMY352|Untitled|b2-microglobulin";137;1;6;"F";"Y";"L";"L";"Y";"Y"
"AMY391|Untitled|Insulin";138;1;6;"V";"E";"A";"L";"Y";"L"
"AMY392|Untitled|Insulin";139;1;6;"L";"Y";"Q";"L";"E";"N"
"AMY393|Untitled|Insulin";140;1;6;"L";"V";"E";"A";"L";"Y"
"AMY407|Untitled|b2-microglobulin";141;1;22;"S";"N";"F";"L";"N";"C"
"AMY407|Untitled|b2-microglobulin";141;2;22;"N";"F";"L";"N";"C";"Y"
"AMY407|Untitled|b2-microglobulin";141;3;22;"F";"L";"N";"C";"Y";"V"
"AMY407|Untitled|b2-microglobulin";141;4;22;"L";"N";"C";"Y";"V";"S"
"AMY407|Untitled|b2-microglobulin";141;5;22;"N";"C";"Y";"V";"S";"G"
"AMY407|Untitled|b2-microglobulin";141;6;22;"C";"Y";"V";"S";"G";"F"
"AMY407|Untitled|b2-microglobulin";141;7;22;"Y";"V";"S";"G";"F";"H"
"AMY407|Untitled|b2-microglobulin";141;8;22;"V";"S";"G";"F";"H";"P"
"AMY407|Untitled|b2-microglobulin";141;9;22;"S";"G";"F";"H";"P";"S"
"AMY407|Untitled|b2-microglobulin";141;10;22;"G";"F";"H";"P";"S";"D"
"AMY407|Untitled|b2-microglobulin";141;11;22;"F";"H";"P";"S";"D";"I"
"AMY407|Untitled|b2-microglobulin";141;12;22;"H";"P";"S";"D";"I";"E"
"AMY407|Untitled|b2-microglobulin";141;13;22;"P";"S";"D";"I";"E";"V"
"AMY407|Untitled|b2-microglobulin";141;14;22;"S";"D";"I";"E";"V";"D"
"AMY407|Untitled|b2-microglobulin";141;15;22;"D";"I";"E";"V";"D";"L"
"AMY407|Untitled|b2-microglobulin";141;16;22;"I";"E";"V";"D";"L";"L"
"AMY407|Untitled|b2-microglobulin";141;17;22;"E";"V";"D";"L";"L";"K"
"AMY408|Untitled|b2-microglobulin";142;1;7;"N";"H";"V";"T";"L";"S"
"AMY408|Untitled|b2-microglobulin";142;2;7;"H";"V";"T";"L";"S";"Q"
"AMY409|Untitled|Amylin";143;1;8;"N";"F";"G";"A";"I";"L"
"AMY409|Untitled|Amylin";143;2;8;"F";"G";"A";"I";"L";"S"
"AMY409|Untitled|Amylin";143;3;8;"G";"A";"I";"L";"S";"S"
"AMY410|Untitled|Amylin";144;1;8;"A";"F";"G";"A";"I";"L"
"AMY410|Untitled|Amylin";144;2;8;"F";"G";"A";"I";"L";"S"
"AMY410|Untitled|Amylin";144;3;8;"G";"A";"I";"L";"S";"S"
"AMY411|Untitled|Amylin";145;1;8;"N";"F";"A";"A";"I";"L"
"AMY411|Untitled|Amylin";145;2;8;"F";"A";"A";"I";"L";"S"
"AMY411|Untitled|Amylin";145;3;8;"A";"A";"I";"L";"S";"S"
"AMY412|Untitled|Amylin";146;1;8;"N";"F";"G";"A";"A";"L"
"AMY412|Untitled|Amylin";146;2;8;"F";"G";"A";"A";"L";"S"
"AMY412|Untitled|Amylin";146;3;8;"G";"A";"A";"L";"S";"S"
"AMY413|Untitled|Amylin";147;1;8;"N";"F";"G";"A";"I";"A"
"AMY413|Untitled|Amylin";147;2;8;"F";"G";"A";"I";"A";"S"
"AMY413|Untitled|Amylin";147;3;8;"G";"A";"I";"A";"S";"S"
"AMY414|Untitled|Amylin";148;1;8;"T";"N";"V";"G";"S";"N"
"AMY414|Untitled|Amylin";148;2;8;"N";"V";"G";"S";"N";"T"
"AMY414|Untitled|Amylin";148;3;8;"V";"G";"S";"N";"T";"Y"
"AMY415|Untitled|Amylin";149;1;9;"Q";"R";"L";"A";"N";"F"
"AMY415|Untitled|Amylin";149;2;9;"R";"L";"A";"N";"F";"L"
"AMY415|Untitled|Amylin";149;3;9;"L";"A";"N";"F";"L";"V"
"AMY415|Untitled|Amylin";149;4;9;"A";"N";"F";"L";"V";"H"
"AMY416|Untitled|Amylin";150;1;8;"S";"N";"N";"F";"G";"A"
"AMY416|Untitled|Amylin";150;2;8;"N";"N";"F";"G";"A";"I"
"AMY416|Untitled|Amylin";150;3;8;"N";"F";"G";"A";"I";"L"
"AMY417|Untitled|Amylin";151;1;9;"N";"F";"L";"V";"H";"S"
"AMY417|Untitled|Amylin";151;2;9;"F";"L";"V";"H";"S";"S"
"AMY417|Untitled|Amylin";151;3;9;"L";"V";"H";"S";"S";"N"
"AMY417|Untitled|Amylin";151;4;9;"V";"H";"S";"S";"N";"N"
"AMY425|Untitled|Alpha";152;1;11;"V";"T";"G";"V";"T";"A"
"AMY425|Untitled|Alpha";152;2;11;"T";"G";"V";"T";"A";"V"
"AMY425|Untitled|Alpha";152;3;11;"G";"V";"T";"A";"V";"Q"
"AMY425|Untitled|Alpha";152;4;11;"V";"T";"A";"V";"Q";"K"
"AMY425|Untitled|Alpha";152;5;11;"T";"A";"V";"Q";"K";"T"
"AMY425|Untitled|Alpha";152;6;11;"A";"V";"Q";"K";"T";"V"
"AMY426|Untitled|TTR";153;1;11;"C";"P";"L";"M";"V";"K"
"AMY426|Untitled|TTR";153;2;11;"P";"L";"M";"V";"K";"V"
"AMY426|Untitled|TTR";153;3;11;"L";"M";"V";"K";"V";"L"
"AMY426|Untitled|TTR";153;4;11;"M";"V";"K";"V";"L";"D"
"AMY426|Untitled|TTR";153;5;11;"V";"K";"V";"L";"D";"A"
"AMY426|Untitled|TTR";153;6;11;"K";"V";"L";"D";"A";"V"
"AMY428|Untitled|S6-mutant";154;1;14;"R";"V";"E";"K";"V";"A"
"AMY428|Untitled|S6-mutant";154;2;14;"V";"E";"K";"V";"A";"I"
"AMY428|Untitled|S6-mutant";154;3;14;"E";"K";"V";"A";"I";"L"
"AMY428|Untitled|S6-mutant";154;4;14;"K";"V";"A";"I";"L";"G"
"AMY428|Untitled|S6-mutant";154;5;14;"V";"A";"I";"L";"G";"L"
"AMY428|Untitled|S6-mutant";154;6;14;"A";"I";"L";"G";"L";"M"
"AMY428|Untitled|S6-mutant";154;7;14;"I";"L";"G";"L";"M";"V"
"AMY428|Untitled|S6-mutant";154;8;14;"L";"G";"L";"M";"V";"L"
"AMY428|Untitled|S6-mutant";154;9;14;"G";"L";"M";"V";"L";"A"
"AMY429|Untitled|Gelsolin";155;1;11;"S";"F";"N";"N";"G";"D"
"AMY429|Untitled|Gelsolin";155;2;11;"F";"N";"N";"G";"D";"C"
"AMY429|Untitled|Gelsolin";155;3;11;"N";"N";"G";"D";"C";"F"
"AMY429|Untitled|Gelsolin";155;4;11;"N";"G";"D";"C";"F";"I"
"AMY429|Untitled|Gelsolin";155;5;11;"G";"D";"C";"F";"I";"L"
"AMY429|Untitled|Gelsolin";155;6;11;"D";"C";"F";"I";"L";"D"
"AMY430|Untitled|Lactoferrin";156;1;8;"N";"A";"G";"D";"V";"A"
"AMY430|Untitled|Lactoferrin";156;2;8;"A";"G";"D";"V";"A";"F"
"AMY430|Untitled|Lactoferrin";156;3;8;"G";"D";"V";"A";"F";"V"
"AMY431|Medin|Lactadherin";157;1;8;"N";"F";"G";"S";"V";"Q"
"AMY431|Medin|Lactadherin";157;2;8;"F";"G";"S";"V";"Q";"F"
"AMY431|Medin|Lactadherin";157;3;8;"G";"S";"V";"Q";"F";"V"
"AMY432|Untitled|SerumA(48)";158;1;11;"S";"F";"F";"S";"F";"L"
"AMY432|Untitled|SerumA(48)";158;2;11;"F";"F";"S";"F";"L";"G"
"AMY432|Untitled|SerumA(48)";158;3;11;"F";"S";"F";"L";"G";"E"
"AMY432|Untitled|SerumA(48)";158;4;11;"S";"F";"L";"G";"E";"A"
"AMY432|Untitled|SerumA(48)";158;5;11;"F";"L";"G";"E";"A";"F"
"AMY432|Untitled|SerumA(48)";158;6;11;"L";"G";"E";"A";"F";"D"
"AMY433|Untitled|Prion";159;1;14;"D";"C";"V";"N";"I";"T"
"AMY433|Untitled|Prion";159;2;14;"C";"V";"N";"I";"T";"I"
"AMY433|Untitled|Prion";159;3;14;"V";"N";"I";"T";"I";"K"
"AMY433|Untitled|Prion";159;4;14;"N";"I";"T";"I";"K";"Q"
"AMY433|Untitled|Prion";159;5;14;"I";"T";"I";"K";"Q";"H"
"AMY433|Untitled|Prion";159;6;14;"T";"I";"K";"Q";"H";"T"
"AMY433|Untitled|Prion";159;7;14;"I";"K";"Q";"H";"T";"V"
"AMY433|Untitled|Prion";159;8;14;"K";"Q";"H";"T";"V";"T"
"AMY433|Untitled|Prion";159;9;14;"Q";"H";"T";"V";"T";"T"
"AMY434|Untitled|Prion";160;1;17;"D";"I";"K";"I";"M";"E"
"AMY434|Untitled|Prion";160;2;17;"I";"K";"I";"M";"E";"R"
"AMY434|Untitled|Prion";160;3;17;"K";"I";"M";"E";"R";"V"
"AMY434|Untitled|Prion";160;4;17;"I";"M";"E";"R";"V";"V"
"AMY434|Untitled|Prion";160;5;17;"M";"E";"R";"V";"V";"E"
"AMY434|Untitled|Prion";160;6;17;"E";"R";"V";"V";"E";"Q"
"AMY434|Untitled|Prion";160;7;17;"R";"V";"V";"E";"Q";"M"
"AMY434|Untitled|Prion";160;8;17;"V";"V";"E";"Q";"M";"C"
"AMY434|Untitled|Prion";160;9;17;"V";"E";"Q";"M";"C";"T"
"AMY434|Untitled|Prion";160;10;17;"E";"Q";"M";"C";"T";"T"
"AMY434|Untitled|Prion";160;11;17;"Q";"M";"C";"T";"T";"Q"
"AMY434|Untitled|Prion";160;12;17;"M";"C";"T";"T";"Q";"Y"
"AMY435|Untitled|Prion";161;1;15;"A";"G";"A";"A";"A";"A"
"AMY435|Untitled|Prion";161;2;15;"G";"A";"A";"A";"A";"G"
"AMY435|Untitled|Prion";161;3;15;"A";"A";"A";"A";"G";"A"
"AMY435|Untitled|Prion";161;4;15;"A";"A";"A";"G";"A";"V"
"AMY435|Untitled|Prion";161;5;15;"A";"A";"G";"A";"V";"V"
"AMY435|Untitled|Prion";161;6;15;"A";"G";"A";"V";"V";"G"
"AMY435|Untitled|Prion";161;7;15;"G";"A";"V";"V";"G";"G"
"AMY435|Untitled|Prion";161;8;15;"A";"V";"V";"G";"G";"L"
"AMY435|Untitled|Prion";161;9;15;"V";"V";"G";"G";"L";"G"
"AMY435|Untitled|Prion";161;10;15;"V";"G";"G";"L";"G";"G"
"AMY436|Untitled|Prion";162;1;14;"M";"K";"H";"M";"A";"G"
"AMY436|Untitled|Prion";162;2;14;"K";"H";"M";"A";"G";"A"
"AMY436|Untitled|Prion";162;3;14;"H";"M";"A";"G";"A";"A"
"AMY436|Untitled|Prion";162;4;14;"M";"A";"G";"A";"A";"A"
"AMY436|Untitled|Prion";162;5;14;"A";"G";"A";"A";"A";"A"
"AMY436|Untitled|Prion";162;6;14;"G";"A";"A";"A";"A";"G"
"AMY436|Untitled|Prion";162;7;14;"A";"A";"A";"A";"G";"A"
"AMY436|Untitled|Prion";162;8;14;"A";"A";"A";"G";"A";"V"
"AMY436|Untitled|Prion";162;9;14;"A";"A";"G";"A";"V";"V"
"AMY437|Untitled|Sup35";163;1;9;"P";"Q";"G";"G";"Y";"Q"
"AMY437|Untitled|Sup35";163;2;9;"Q";"G";"G";"Y";"Q";"Q"
"AMY437|Untitled|Sup35";163;3;9;"G";"G";"Y";"Q";"Q";"Y"
"AMY437|Untitled|Sup35";163;4;9;"G";"Y";"Q";"Q";"Y";"N"
"AMY438|Untitled|Sup35";164;1;7;"G";"N";"N";"Q";"Q";"N"
"AMY438|Untitled|Sup35";164;2;7;"N";"N";"Q";"Q";"N";"Y"
"AMY439|Untitled|AChe";165;1;14;"A";"E";"F";"H";"R";"W"
"AMY439|Untitled|AChe";165;2;14;"E";"F";"H";"R";"W";"S"
"AMY439|Untitled|AChe";165;3;14;"F";"H";"R";"W";"S";"S"
"AMY439|Untitled|AChe";165;4;14;"H";"R";"W";"S";"S";"Y"
"AMY439|Untitled|AChe";165;5;14;"R";"W";"S";"S";"Y";"M"
"AMY439|Untitled|AChe";165;6;14;"W";"S";"S";"Y";"M";"V"
"AMY439|Untitled|AChe";165;7;14;"S";"S";"Y";"M";"V";"Y"
"AMY439|Untitled|AChe";165;8;14;"S";"Y";"M";"V";"Y";"W"
"AMY439|Untitled|AChe";165;9;14;"Y";"M";"V";"Y";"W";"K"
"AMY440|Untitled|De";166;1;12;"V";"T";"V";"K";"V";"N"
"AMY440|Untitled|De";166;2;12;"T";"V";"K";"V";"N";"A"
"AMY440|Untitled|De";166;3;12;"V";"K";"V";"N";"A";"V"
"AMY440|Untitled|De";166;4;12;"K";"V";"N";"A";"V";"K"
"AMY440|Untitled|De";166;5;12;"V";"N";"A";"V";"K";"V"
"AMY440|Untitled|De";166;6;12;"N";"A";"V";"K";"V";"T"
"AMY440|Untitled|De";166;7;12;"A";"V";"K";"V";"T";"V"
"AMY441|Untitled|Ribonuclease";167;1;20;"K";"E";"T";"A";"A";"A"
"AMY441|Untitled|Ribonuclease";167;2;20;"E";"T";"A";"A";"A";"K"
"AMY441|Untitled|Ribonuclease";167;3;20;"T";"A";"A";"A";"K";"F"
"AMY441|Untitled|Ribonuclease";167;4;20;"A";"A";"A";"K";"F";"E"
"AMY441|Untitled|Ribonuclease";167;5;20;"A";"A";"K";"F";"E";"R"
"AMY441|Untitled|Ribonuclease";167;6;20;"A";"K";"F";"E";"R";"Q"
"AMY441|Untitled|Ribonuclease";167;7;20;"K";"F";"E";"R";"Q";"H"
"AMY441|Untitled|Ribonuclease";167;8;20;"F";"E";"R";"Q";"H";"M"
"AMY441|Untitled|Ribonuclease";167;9;20;"E";"R";"Q";"H";"M";"D"
"AMY441|Untitled|Ribonuclease";167;10;20;"R";"Q";"H";"M";"D";"S"
"AMY441|Untitled|Ribonuclease";167;11;20;"Q";"H";"M";"D";"S";"S"
"AMY441|Untitled|Ribonuclease";167;12;20;"H";"M";"D";"S";"S";"T"
"AMY441|Untitled|Ribonuclease";167;13;20;"M";"D";"S";"S";"T";"S"
"AMY441|Untitled|Ribonuclease";167;14;20;"D";"S";"S";"T";"S";"A"
"AMY441|Untitled|Ribonuclease";167;15;20;"S";"S";"T";"S";"A";"A"
"AMY442|Untitled|Myoglobin";168;1;18;"I";"K";"Y";"L";"E";"F"
"AMY442|Untitled|Myoglobin";168;2;18;"K";"Y";"L";"E";"F";"I"
"AMY442|Untitled|Myoglobin";168;3;18;"Y";"L";"E";"F";"I";"S"
"AMY442|Untitled|Myoglobin";168;4;18;"L";"E";"F";"I";"S";"Q"
"AMY442|Untitled|Myoglobin";168;5;18;"E";"F";"I";"S";"Q";"A"
"AMY442|Untitled|Myoglobin";168;6;18;"F";"I";"S";"Q";"A";"I"
"AMY442|Untitled|Myoglobin";168;7;18;"I";"S";"Q";"A";"I";"I"
"AMY442|Untitled|Myoglobin";168;8;18;"S";"Q";"A";"I";"I";"H"
"AMY442|Untitled|Myoglobin";168;9;18;"Q";"A";"I";"I";"H";"V"
"AMY442|Untitled|Myoglobin";168;10;18;"A";"I";"I";"H";"V";"L"
"AMY442|Untitled|Myoglobin";168;11;18;"I";"I";"H";"V";"L";"H"
"AMY442|Untitled|Myoglobin";168;12;18;"I";"H";"V";"L";"H";"S"
"AMY442|Untitled|Myoglobin";168;13;18;"H";"V";"L";"H";"S";"R"
"AMY443|Untitled|a-tubulin";169;1;15;"M";"L";"S";"N";"T";"T"
"AMY443|Untitled|a-tubulin";169;2;15;"L";"S";"N";"T";"T";"A"
"AMY443|Untitled|a-tubulin";169;3;15;"S";"N";"T";"T";"A";"I"
"AMY443|Untitled|a-tubulin";169;4;15;"N";"T";"T";"A";"I";"A"
"AMY443|Untitled|a-tubulin";169;5;15;"T";"T";"A";"I";"A";"E"
"AMY443|Untitled|a-tubulin";169;6;15;"T";"A";"I";"A";"E";"A"
"AMY443|Untitled|a-tubulin";169;7;15;"A";"I";"A";"E";"A";"W"
"AMY443|Untitled|a-tubulin";169;8;15;"I";"A";"E";"A";"W";"A"
"AMY443|Untitled|a-tubulin";169;9;15;"A";"E";"A";"W";"A";"R"
"AMY443|Untitled|a-tubulin";169;10;15;"E";"A";"W";"A";"R";"L"
"AMY444|Untitled|b-tubulin";170;1;10;"G";"Y";"L";"T";"V";"A"
"AMY444|Untitled|b-tubulin";170;2;10;"Y";"L";"T";"V";"A";"A"
"AMY444|Untitled|b-tubulin";170;3;10;"L";"T";"V";"A";"A";"V"
"AMY444|Untitled|b-tubulin";170;4;10;"T";"V";"A";"A";"V";"F"
"AMY444|Untitled|b-tubulin";170;5;10;"V";"A";"A";"V";"F";"R"
"AMY446|Untitled|Chorion";171;1;18;"G";"N";"L";"P";"F";"L"
"AMY446|Untitled|Chorion";171;2;18;"N";"L";"P";"F";"L";"G"
"AMY446|Untitled|Chorion";171;3;18;"L";"P";"F";"L";"G";"T"
"AMY446|Untitled|Chorion";171;4;18;"P";"F";"L";"G";"T";"A"
"AMY446|Untitled|Chorion";171;5;18;"F";"L";"G";"T";"A";"G"
"AMY446|Untitled|Chorion";171;6;18;"L";"G";"T";"A";"G";"V"
"AMY446|Untitled|Chorion";171;7;18;"G";"T";"A";"G";"V";"A"
"AMY446|Untitled|Chorion";171;8;18;"T";"A";"G";"V";"A";"G"
"AMY446|Untitled|Chorion";171;9;18;"A";"G";"V";"A";"G";"E"
"AMY446|Untitled|Chorion";171;10;18;"G";"V";"A";"G";"E";"F"
"AMY446|Untitled|Chorion";171;11;18;"V";"A";"G";"E";"F";"P"
"AMY446|Untitled|Chorion";171;12;18;"A";"G";"E";"F";"P";"T"
"AMY446|Untitled|Chorion";171;13;18;"G";"E";"F";"P";"T";"A"
"AMY447|Atnp|Amphoterin";172;1;16;"M";"S";"S";"Y";"A";"F"
"AMY447|Atnp|Amphoterin";172;2;16;"S";"S";"Y";"A";"F";"F"
"AMY447|Atnp|Amphoterin";172;3;16;"S";"Y";"A";"F";"F";"V"
"AMY447|Atnp|Amphoterin";172;4;16;"Y";"A";"F";"F";"V";"Q"
"AMY447|Atnp|Amphoterin";172;5;16;"A";"F";"F";"V";"Q";"T"
"AMY447|Atnp|Amphoterin";172;6;16;"F";"F";"V";"Q";"T";"C"
"AMY447|Atnp|Amphoterin";172;7;16;"F";"V";"Q";"T";"C";"R"
"AMY447|Atnp|Amphoterin";172;8;16;"V";"Q";"T";"C";"R";"E"
"AMY447|Atnp|Amphoterin";172;9;16;"Q";"T";"C";"R";"E";"E"
"AMY447|Atnp|Amphoterin";172;10;16;"T";"C";"R";"E";"E";"H"
"AMY447|Atnp|Amphoterin";172;11;16;"C";"R";"E";"E";"H";"K"
"AMY448|Untitled|Apoliprotein";173;1;18;"T";"A";"A";"M";"S";"T"
"AMY448|Untitled|Apoliprotein";173;2;18;"A";"A";"M";"S";"T";"Y"
"AMY448|Untitled|Apoliprotein";173;3;18;"A";"M";"S";"T";"Y";"T"
"AMY448|Untitled|Apoliprotein";173;4;18;"M";"S";"T";"Y";"T";"G"
"AMY448|Untitled|Apoliprotein";173;5;18;"S";"T";"Y";"T";"G";"I"
"AMY448|Untitled|Apoliprotein";173;6;18;"T";"Y";"T";"G";"I";"F"
"AMY448|Untitled|Apoliprotein";173;7;18;"Y";"T";"G";"I";"F";"T"
"AMY448|Untitled|Apoliprotein";173;8;18;"T";"G";"I";"F";"T";"D"
"AMY448|Untitled|Apoliprotein";173;9;18;"G";"I";"F";"T";"D";"Q"
"AMY448|Untitled|Apoliprotein";173;10;18;"I";"F";"T";"D";"Q";"V"
"AMY448|Untitled|Apoliprotein";173;11;18;"F";"T";"D";"Q";"V";"L"
"AMY448|Untitled|Apoliprotein";173;12;18;"T";"D";"Q";"V";"L";"S"
"AMY448|Untitled|Apoliprotein";173;13;18;"D";"Q";"V";"L";"S";"V"
"AMY449|Untitled|Exon";174;1;25;"G";"A";"A";"G";"L";"G"
"AMY449|Untitled|Exon";174;2;25;"A";"A";"G";"L";"G";"G"
"AMY449|Untitled|Exon";174;3;25;"A";"G";"L";"G";"G";"L"
"AMY449|Untitled|Exon";174;4;25;"G";"L";"G";"G";"L";"G"
"AMY449|Untitled|Exon";174;5;25;"L";"G";"G";"L";"G";"V"
"AMY449|Untitled|Exon";174;6;25;"G";"G";"L";"G";"V";"G"
"AMY449|Untitled|Exon";174;7;25;"G";"L";"G";"V";"G";"G"
"AMY449|Untitled|Exon";174;8;25;"L";"G";"V";"G";"G";"L"
"AMY449|Untitled|Exon";174;9;25;"G";"V";"G";"G";"L";"G"
"AMY449|Untitled|Exon";174;10;25;"V";"G";"G";"L";"G";"V"
"AMY449|Untitled|Exon";174;11;25;"G";"G";"L";"G";"V";"P"
"AMY449|Untitled|Exon";174;12;25;"G";"L";"G";"V";"P";"G"
"AMY449|Untitled|Exon";174;13;25;"L";"G";"V";"P";"G";"V"
"AMY449|Untitled|Exon";174;14;25;"G";"V";"P";"G";"V";"G"
"AMY449|Untitled|Exon";174;15;25;"V";"P";"G";"V";"G";"G"
"AMY449|Untitled|Exon";174;16;25;"P";"G";"V";"G";"G";"L"
"AMY449|Untitled|Exon";174;17;25;"G";"V";"G";"G";"L";"G"
"AMY449|Untitled|Exon";174;18;25;"V";"G";"G";"L";"G";"G"
"AMY449|Untitled|Exon";174;19;25;"G";"G";"L";"G";"G";"L"
"AMY449|Untitled|Exon";174;20;25;"G";"L";"G";"G";"L";"V"
"AMY450|Untitled|Fibrinogen";175;1;6;"F";"D";"T";"A";"S";"T"
"AMY452|Untitled|Amylin";176;1;13;"A";"T";"Q";"R";"L";"A"
"AMY452|Untitled|Amylin";176;2;13;"T";"Q";"R";"L";"A";"N"
"AMY452|Untitled|Amylin";176;3;13;"Q";"R";"L";"A";"N";"F"
"AMY452|Untitled|Amylin";176;4;13;"R";"L";"A";"N";"F";"L"
"AMY452|Untitled|Amylin";176;5;13;"L";"A";"N";"F";"L";"V"
"AMY452|Untitled|Amylin";176;6;13;"A";"N";"F";"L";"V";"H"
"AMY452|Untitled|Amylin";176;7;13;"N";"F";"L";"V";"H";"S"
"AMY452|Untitled|Amylin";176;8;13;"F";"L";"V";"H";"S";"S"
"AMY453|Untitled|Lysozyme";177;1;16;"G";"S";"T";"D";"Y";"G"
"AMY453|Untitled|Lysozyme";177;2;16;"S";"T";"D";"Y";"G";"I"
"AMY453|Untitled|Lysozyme";177;3;16;"T";"D";"Y";"G";"I";"L"
"AMY453|Untitled|Lysozyme";177;4;16;"D";"Y";"G";"I";"L";"Q"
"AMY453|Untitled|Lysozyme";177;5;16;"Y";"G";"I";"L";"Q";"I"
"AMY453|Untitled|Lysozyme";177;6;16;"G";"I";"L";"Q";"I";"N"
"AMY453|Untitled|Lysozyme";177;7;16;"I";"L";"Q";"I";"N";"S"
"AMY453|Untitled|Lysozyme";177;8;16;"L";"Q";"I";"N";"S";"R"
"AMY453|Untitled|Lysozyme";177;9;16;"Q";"I";"N";"S";"R";"W"
"AMY453|Untitled|Lysozyme";177;10;16;"I";"N";"S";"R";"W";"W"
"AMY453|Untitled|Lysozyme";177;11;16;"N";"S";"R";"W";"W";"S"
"AMY454|Untitled|Lysozyme";178;1;16;"G";"S";"T";"D";"Y";"G"
"AMY454|Untitled|Lysozyme";178;2;16;"S";"T";"D";"Y";"G";"T"
"AMY454|Untitled|Lysozyme";178;3;16;"T";"D";"Y";"G";"T";"L"
"AMY454|Untitled|Lysozyme";178;4;16;"D";"Y";"G";"T";"L";"Q"
"AMY454|Untitled|Lysozyme";178;5;16;"Y";"G";"T";"L";"Q";"I"
"AMY454|Untitled|Lysozyme";178;6;16;"G";"T";"L";"Q";"I";"N"
"AMY454|Untitled|Lysozyme";178;7;16;"T";"L";"Q";"I";"N";"S"
"AMY454|Untitled|Lysozyme";178;8;16;"L";"Q";"I";"N";"S";"R"
"AMY454|Untitled|Lysozyme";178;9;16;"Q";"I";"N";"S";"R";"W"
"AMY454|Untitled|Lysozyme";178;10;16;"I";"N";"S";"R";"W";"W"
"AMY454|Untitled|Lysozyme";178;11;16;"N";"S";"R";"W";"W";"S"
"AMY455|Untitled|Lysozyme";179;1;16;"G";"S";"T";"D";"Y";"G"
"AMY455|Untitled|Lysozyme";179;2;16;"S";"T";"D";"Y";"G";"I"
"AMY455|Untitled|Lysozyme";179;3;16;"T";"D";"Y";"G";"I";"L"
"AMY455|Untitled|Lysozyme";179;4;16;"D";"Y";"G";"I";"L";"Q"
"AMY455|Untitled|Lysozyme";179;5;16;"Y";"G";"I";"L";"Q";"I"
"AMY455|Untitled|Lysozyme";179;6;16;"G";"I";"L";"Q";"I";"N"
"AMY455|Untitled|Lysozyme";179;7;16;"I";"L";"Q";"I";"N";"S"
"AMY455|Untitled|Lysozyme";179;8;16;"L";"Q";"I";"N";"S";"R"
"AMY455|Untitled|Lysozyme";179;9;16;"Q";"I";"N";"S";"R";"W"
"AMY455|Untitled|Lysozyme";179;10;16;"I";"N";"S";"R";"W";"W"
"AMY455|Untitled|Lysozyme";179;11;16;"N";"S";"R";"W";"W";"C"
"AMY458|Untitled|Prion";180;1;21;"K";"T";"N";"M";"K";"H"
"AMY458|Untitled|Prion";180;2;21;"T";"N";"M";"K";"H";"M"
"AMY458|Untitled|Prion";180;3;21;"N";"M";"K";"H";"M";"A"
"AMY458|Untitled|Prion";180;4;21;"M";"K";"H";"M";"A";"G"
"AMY458|Untitled|Prion";180;5;21;"K";"H";"M";"A";"G";"A"
"AMY458|Untitled|Prion";180;6;21;"H";"M";"A";"G";"A";"A"
"AMY458|Untitled|Prion";180;7;21;"M";"A";"G";"A";"A";"A"
"AMY458|Untitled|Prion";180;8;21;"A";"G";"A";"A";"A";"A"
"AMY458|Untitled|Prion";180;9;21;"G";"A";"A";"A";"A";"G"
"AMY458|Untitled|Prion";180;10;21;"A";"A";"A";"A";"G";"A"
"AMY458|Untitled|Prion";180;11;21;"A";"A";"A";"G";"A";"V"
"AMY458|Untitled|Prion";180;12;21;"A";"A";"G";"A";"V";"V"
"AMY458|Untitled|Prion";180;13;21;"A";"G";"A";"V";"V";"G"
"AMY458|Untitled|Prion";180;14;21;"G";"A";"V";"V";"G";"G"
"AMY458|Untitled|Prion";180;15;21;"A";"V";"V";"G";"G";"L"
"AMY458|Untitled|Prion";180;16;21;"V";"V";"G";"G";"L";"G"
"AMY459|Untitled|Prion";181;1;21;"G";"Y";"M";"L";"G";"S"
"AMY459|Untitled|Prion";181;2;21;"Y";"M";"L";"G";"S";"A"
"AMY459|Untitled|Prion";181;3;21;"M";"L";"G";"S";"A";"M"
"AMY459|Untitled|Prion";181;4;21;"L";"G";"S";"A";"M";"S"
"AMY459|Untitled|Prion";181;5;21;"G";"S";"A";"M";"S";"R"
"AMY459|Untitled|Prion";181;6;21;"S";"A";"M";"S";"R";"P"
"AMY459|Untitled|Prion";181;7;21;"A";"M";"S";"R";"P";"I"
"AMY459|Untitled|Prion";181;8;21;"M";"S";"R";"P";"I";"I"
"AMY459|Untitled|Prion";181;9;21;"S";"R";"P";"I";"I";"H"
"AMY459|Untitled|Prion";181;10;21;"R";"P";"I";"I";"H";"F"
"AMY459|Untitled|Prion";181;11;21;"P";"I";"I";"H";"F";"G"
"AMY459|Untitled|Prion";181;12;21;"I";"I";"H";"F";"G";"S"
"AMY459|Untitled|Prion";181;13;21;"I";"H";"F";"G";"S";"D"
"AMY459|Untitled|Prion";181;14;21;"H";"F";"G";"S";"D";"Y"
"AMY459|Untitled|Prion";181;15;21;"F";"G";"S";"D";"Y";"E"
"AMY459|Untitled|Prion";181;16;21;"G";"S";"D";"Y";"E";"D"
"AMY462|Untitled|T-Protein";182;1;20;"P";"G";"G";"G";"S";"V"
"AMY462|Untitled|T-Protein";182;2;20;"G";"G";"G";"S";"V";"Q"
"AMY462|Untitled|T-Protein";182;3;20;"G";"G";"S";"V";"Q";"I"
"AMY462|Untitled|T-Protein";182;4;20;"G";"S";"V";"Q";"I";"V"
"AMY462|Untitled|T-Protein";182;5;20;"S";"V";"Q";"I";"V";"Y"
"AMY462|Untitled|T-Protein";182;6;20;"V";"Q";"I";"V";"Y";"K"
"AMY462|Untitled|T-Protein";182;7;20;"Q";"I";"V";"Y";"K";"P"
"AMY462|Untitled|T-Protein";182;8;20;"I";"V";"Y";"K";"P";"V"
"AMY462|Untitled|T-Protein";182;9;20;"V";"Y";"K";"P";"V";"D"
"AMY462|Untitled|T-Protein";182;10;20;"Y";"K";"P";"V";"D";"L"
"AMY462|Untitled|T-Protein";182;11;20;"K";"P";"V";"D";"L";"S"
"AMY462|Untitled|T-Protein";182;12;20;"P";"V";"D";"L";"S";"K"
"AMY462|Untitled|T-Protein";182;13;20;"V";"D";"L";"S";"K";"V"
"AMY462|Untitled|T-Protein";182;14;20;"D";"L";"S";"K";"V";"T"
"AMY462|Untitled|T-Protein";182;15;20;"L";"S";"K";"V";"T";"S"
"AMY463|Untitled|Transthyretin";183;1;11;"Y";"T";"I";"A";"A";"L"
"AMY463|Untitled|Transthyretin";183;2;11;"T";"I";"A";"A";"L";"L"
"AMY463|Untitled|Transthyretin";183;3;11;"I";"A";"A";"L";"L";"S"
"AMY463|Untitled|Transthyretin";183;4;11;"A";"A";"L";"L";"S";"P"
"AMY463|Untitled|Transthyretin";183;5;11;"A";"L";"L";"S";"P";"Y"
"AMY463|Untitled|Transthyretin";183;6;11;"L";"L";"S";"P";"Y";"S"
"AMY487|Untitled|Cystatin-C";184;1;6;"A";"G";"V";"N";"Y";"F"
"AMY491|Untitled|Islet";185;1;6;"A";"I";"L";"S";"S";"T"
"AMY494|Untitled|De";186;1;6;"A";"I";"V";"A";"G";"D"
"AMY495|Untitled|De";187;1;6;"A";"I";"V";"A";"G";"S"
"AMY496|Untitled|De";188;1;6;"A";"I";"V";"A";"G";"T"
"AMY498|Untitled|Apolipoprotein";189;1;6;"A";"L";"E";"E";"Y";"T"
"AMY509|Untitled|POU";190;1;6;"A";"Q";"F";"I";"I";"S"
"AMY514|Untitled|Ribonuclease";191;1;6;"A";"S";"S";"S";"N";"Y"
"AMY523|Untitled|Superoxide";192;1;6;"C";"G";"V";"I";"G";"I"
"AMY527|Untitled|Major";193;1;6;"D";"C";"V";"N";"I";"T"
"AMY532|Untitled|Superoxide";194;1;6;"D";"H";"C";"I";"I";"G"
"AMY533|Untitled|Superoxide";195;1;6;"D";"H";"C";"I";"I";"W"
"AMY542|Untitled|Superoxide";196;1;6;"D";"S";"V";"I";"S";"L"
"AMY557|Untitled|Alpha-synuclein";197;1;6;"E";"G";"V";"L";"Y";"V"
"AMY576|Untitled|Acylphosphatase-2";198;1;6;"E";"Y";"S";"N";"F";"S"
"AMY577|Untitled|De";199;1;6;"F";"A";"I";"R";"H";"F"
"AMY579|Untitled|Lysozyme";200;1;6;"F";"E";"S";"N";"F";"N"
"AMY601|Untitled|TAR";201;1;6;"F";"S";"I";"N";"P";"A"
"AMY603|Untitled|60";202;1;6;"F";"T";"F";"I";"Q";"F"
"AMY608|Untitled|De";203;1;6;"G";"A";"I";"T";"I";"G"
"AMY609|Untitled|Superoxide";204;1;6;"G";"D";"H";"C";"I";"I"
"AMY611|Untitled|Immunoglobulin";205;1;6;"G";"E";"W";"T";"Y";"D"
"AMY613|Untitled|GRB2-associated-binding";206;1;6;"G";"F";"F";"Q";"Q";"Q"
"AMY632|Untitled|Major";207;1;6;"G";"G";"G";"N";"N";"S"
"AMY642|Untitled|Amyloid";208;1;6;"G";"G";"V";"V";"I";"A"
"AMY648|Untitled|Agglutinin-like";209;1;6;"G";"I";"V";"I";"V";"A"
"AMY651|Untitled|Ribose-5-phosphate";210;1;6;"G";"L";"F";"I";"N";"M"
"AMY656|Untitled|TAR";211;1;6;"G";"M";"M";"G";"M";"L"
"AMY660|Untitled|Protocadherin-15";212;1;6;"G";"N";"F";"N";"N";"L"
"AMY685|Untitled|Beta-hexosaminidase";213;1;6;"G";"T";"F";"F";"I";"N"
"AMY686|Untitled|Bardet-Biedl";214;1;6;"G";"T";"F";"F";"I";"T"
"AMY688|Untitled|Polycystin-1";215;1;6;"G";"T";"F";"N";"I";"I"
"AMY690|Untitled|Plasminogen";216;1;6;"G";"T";"V";"L";"F";"M"
"AMY692|Untitled|Superoxide";217;1;6;"G";"V";"I";"G";"I";"A"
"AMY693|Untitled|Superoxide";218;1;6;"G";"V";"I";"W";"I";"A"
"AMY695|Untitled|Cystatin-C";219;1;6;"G";"V";"N";"Y";"F";"L"
"AMY701|Untitled|Gamma-aminobutyric";220;1;6;"G";"Y";"F";"I";"L";"Q"
"AMY702|Untitled|Tyrosine-protein";221;1;6;"G";"Y";"F";"L";"N";"F"
"AMY703|Untitled|G-protein";222;1;6;"G";"Y";"F";"L";"N";"M"
"AMY705|Untitled|Major";223;1;6;"G";"Y";"M";"L";"G";"S"
"AMY712|Untitled|De";224;1;6;"G";"Y";"V";"L";"G";"S"
"AMY715|Untitled|Cystic";225;1;6;"H";"F";"V";"W";"I";"A"
"AMY716|Untitled|CAAX";226;1;6;"H";"G";"F";"N";"Q";"Q"
"AMY719|Untitled|Presenilin-2";227;1;6;"H";"G";"W";"L";"I";"M"
"AMY721|Untitled|Histone-lysine";228;1;6;"H";"I";"F";"L";"L";"C"
"AMY723|Untitled|Alpha-(1,3)-fucosyltransferase";229;1;6;"H";"L";"F";"N";"L";"T"
"AMY724|Untitled|Taste";230;1;6;"H";"L";"V";"Y";"I";"M"
"AMY729|Untitled|Homeobox";231;1;6;"H";"Q";"F";"N";"L";"N"
"AMY730|Untitled|Titin";232;1;6;"H";"Q";"L";"I";"I";"M"
"AMY731|Untitled|De";233;1;6;"H";"S";"S";"N";"N";"F"
"AMY733|Untitled|Otoferlin";234;1;6;"H";"T";"F";"N";"L";"L"
"AMY734|Untitled|De";235;1;6;"H";"T";"V";"I";"I";"E"
"AMY737|Untitled|Bloom";236;1;6;"H";"Y";"F";"N";"I";"F"
"AMY741|Untitled|De";237;1;6;"I";"E";"M";"I";"F";"V"
"AMY742|Untitled|De";238;1;6;"I";"F";"D";"F";"I";"Q"
"AMY750|Untitled|Major";239;1;6;"I";"I";"H";"F";"G";"S"
"AMY752|Untitled|De";240;1;6;"I";"I";"N";"F";"I";"T"
"AMY758|Untitled|De";241;1;6;"I";"L";"V";"A";"G";"D"
"AMY759|Untitled|De";242;1;6;"I";"L";"V";"A";"G";"S"
"AMY765|Untitled|Major";243;1;6;"I";"S";"F";"L";"I";"F"
"AMY770|Untitled|Agglutinin-like";244;1;6;"I";"V";"A";"T";"T";"R"
"AMY773|Untitled|Alpha-galactosidase";245;1;6;"I";"V";"Y";"S";"C";"E"
"AMY774|Untitled|Alpha-galactosidase";246;1;6;"I";"V";"Y";"S";"W";"E"
"AMY787|Untitled|Ribonuclease";247;1;6;"K";"H";"I";"I";"V";"A"
"AMY794|Untitled|Caspase-3";248;1;6;"K";"L";"F";"I";"I";"Q"
"AMY795|Untitled|Proprotein";249;1;6;"K";"L";"F";"I";"Q";"F"
"AMY797|Untitled|Homo";250;1;6;"K";"L";"L";"I";"Y";"E"
"AMY798|Untitled|Amyloid";251;1;6;"K";"L";"V";"F";"F";"A"
"AMY806|Untitled|RNA-binding";252;1;6;"K";"Q";"I";"G";"I";"I"
"AMY814|Untitled|Microtubule-associated";253;1;6;"K";"V";"Q";"I";"I";"N"
"AMY820|Untitled|De";254;1;6;"L";"A";"N";"F";"L";"V"
"AMY823|Untitled|De";255;1;6;"L";"A";"V";"A";"G";"D"
"AMY824|Untitled|Apolipoprotein";256;1;6;"L";"A";"V";"L";"F";"L"
"AMY828|Untitled|4F2";257;1;6;"L";"E";"F";"W";"L";"Q"
"AMY833|Untitled|Major";258;1;6;"L";"I";"F";"L";"I";"V"
"AMY835|Untitled|De";259;1;6;"L";"I";"V";"A";"A";"D"
"AMY836|Untitled|De";260;1;6;"L";"I";"V";"A";"G";"D"
"AMY837|Untitled|De";261;1;6;"L";"I";"V";"A";"G";"E"
"AMY838|Untitled|De";262;1;6;"L";"I";"V";"A";"G";"K"
"AMY839|Untitled|De";263;1;6;"L";"I";"V";"A";"G";"S"
"AMY840|Untitled|De";264;1;6;"L";"I";"V";"A";"G";"T"
"AMY861|Untitled|Alstrom";265;1;6;"L";"V";"F";"Y";"Q";"Q"
"AMY869|Untitled|De";266;1;6;"M";"I";"E";"N";"I";"Q"
"AMY870|Untitled|Major";267;1;6;"M";"I";"H";"F";"G";"N"
"AMY874|Untitled|Major";268;1;6;"M";"L";"V";"L";"F";"V"
"AMY877|Untitled|Major";269;1;6;"M";"M";"H";"F";"G";"N"
"AMY882|Untitled|Integrin";270;1;6;"M";"T";"F";"I";"Q";"N"
"AMY884|Untitled|Amyloid";271;1;6;"M";"V";"G";"G";"V";"V"
"AMY900|Untitled|De";272;1;6;"N";"F";"G";"S";"V";"Q"
"AMY903|Untitled|Islet";273;1;6;"N";"F";"L";"V";"H";"S"
"AMY916|Untitled|De";274;1;6;"N";"I";"F";"N";"F";"T"
"AMY917|Untitled|De";275;1;6;"N";"I";"F";"N";"I";"T"
"AMY918|Untitled|Tyrosine-protein";276;1;6;"N";"I";"F";"W";"V";"Q"
"AMY921|Untitled|De";277;1;6;"N";"I";"N";"F";"F";"T"
"AMY922|Untitled|De";278;1;6;"N";"I";"N";"F";"I";"T"
"AMY924|Untitled|General";279;1;6;"N";"I";"N";"K";"S";"N"
"AMY933|Untitled|DNA";280;1;6;"N";"L";"F";"Y";"Q";"L"
"AMY951|Untitled|Asparagine-rich";281;1;6;"N";"N";"N";"W";"S";"L"
"AMY952|Untitled|Major";282;1;6;"N";"N";"Q";"N";"T";"F"
"AMY954|Untitled|Major";283;1;6;"N";"N";"S";"G";"P";"N"
"AMY961|Untitled|Transportin-1";284;1;6;"N";"Q";"F";"I";"I";"S"
"AMY962|Untitled|Polypeptide";285;1;6;"N";"Q";"F";"N";"L";"M"
"AMY966|Untitled|Major";286;1;6;"N";"Q";"N";"N";"F";"V"
"AMY967|Untitled|De";287;1;6;"N";"Q";"Q";"N";"Q";"Y"
"AMY992|Untitled|De";288;1;6;"N";"Y";"C";"N";"F";"V"
"AMY1001|Untitled|Aminopeptidase";289;1;6;"N";"Y";"V";"W";"I";"V"
"AMY1027|Untitled|De";290;1;6;"Q";"A";"N";"K";"H";"I"
"AMY1031|Untitled|De";291;1;6;"Q";"E";"M";"R";"H";"F"
"AMY1032|Untitled|Splicing";292;1;6;"Q";"F";"F";"L";"Q";"F"
"AMY1046|Untitled|Rod";293;1;6;"Q";"I";"L";"L";"W";"S"
"AMY1049|Untitled|De";294;1;6;"Q";"L";"E";"N";"Y";"C"
"AMY1050|Untitled|Growth/differentiation";295;1;6;"Q";"L";"F";"I";"N";"F"
"AMY1052|Untitled|Prosaposin";296;1;6;"Q";"L";"F";"L";"Q";"I"
"AMY1054|Untitled|Putative";297;1;6;"Q";"N";"L";"L";"W";"Q"
"AMY1096|Untitled|Guanine";298;1;6;"Q";"T";"F";"L";"V";"N"
"AMY1103|Untitled|RNA-binding";299;1;6;"Q";"Y";"F";"E";"Q";"F"
"AMY1106|Untitled|De";300;1;6;"Q";"Y";"G";"G";"N";"A"
"AMY1107|Untitled|De";301;1;6;"Q";"Y";"G";"G";"N";"N"
"AMY1124|Untitled|Protocadherin";302;1;6;"R";"Q";"V";"L";"I";"F"
"AMY1125|Untitled|De";303;1;6;"R";"T";"V";"I";"I";"E"
"AMY1127|Untitled|De";304;1;6;"R";"V";"F";"N";"I";"M"
"AMY1131|Untitled|Major";305;1;6;"S";"A";"L";"A";"L";"Q"
"AMY1140|Untitled|Major";306;1;6;"S";"E";"L";"N";"I";"Y"
"AMY1143|Untitled|Unconventional";307;1;6;"S";"F";"F";"F";"I";"Q"
"AMY1144|Untitled|Major";308;1;6;"S";"F";"L";"I";"F";"L"
"AMY1145|Untitled|Cystatin-C";309;1;6;"S";"F";"Q";"I";"Y";"A"
"AMY1160|Untitled|Major";310;1;6;"S";"M";"V";"L";"F";"S"
"AMY1167|Untitled|Major";311;1;6;"S";"N";"Q";"N";"N";"F"
"AMY1170|Untitled|YLP";312;1;6;"S";"Q";"F";"Y";"I";"T"
"AMY1178|Untitled|Islet";313;1;6;"S";"S";"N";"N";"F";"G"
"AMY1181|Untitled|Islet";314;1;6;"S";"S";"T";"N";"V";"G"
"AMY1182|Untitled|Ribonuclease";315;1;6;"S";"S";"T";"S";"A";"A"
"AMY1187|Untitled|De";316;1;6;"S";"T";"F";"I";"F";"E"
"AMY1188|Untitled|De";317;1;6;"S";"T";"F";"L";"I";"E"
"AMY1189|Untitled|De";318;1;6;"S";"T";"F";"T";"F";"E"
"AMY1199|Untitled|De";319;1;6;"S";"T";"M";"S";"I";"T"
"AMY1212|Untitled|De";320;1;6;"S";"T";"V";"I";"I";"G"
"AMY1222|Untitled|De";321;1;6;"S";"T";"W";"I";"F";"E"
"AMY1223|Untitled|De";322;1;6;"S";"T";"W";"I";"I";"E"
"AMY1224|Untitled|De";323;1;6;"S";"T";"W";"I";"Y";"E"
"AMY1225|Untitled|De";324;1;6;"S";"T";"W";"L";"I";"E"
"AMY1235|Untitled|Ribonuclease";325;1;6;"S";"Y";"S";"T";"M";"S"
"AMY1243|Untitled|De";326;1;6;"T";"F";"Q";"I";"N";"S"
"AMY1248|Untitled|Cell";327;1;6;"T";"I";"I";"T";"V";"T"
"AMY1274|Untitled|Phosphatidylinositol";328;1;6;"T";"Y";"V";"E";"Y";"I"
"AMY1275|Untitled|De";329;1;6;"V";"A";"F";"N";"I";"T"
"AMY1277|Untitled|De";330;1;6;"V";"A";"N";"F";"I";"T"
"AMY1280|Untitled|Transthyretin";331;1;6;"V";"A";"V";"H";"V";"F"
"AMY1287|Untitled|ATP-binding";332;1;6;"V";"F";"F";"N";"N";"T"
"AMY1291|Untitled|Superoxide";333;1;6;"V";"I";"G";"I";"A";"Q"
"AMY1292|Untitled|Major";334;1;6;"V";"I";"L";"L";"I";"S"
"AMY1294|Untitled|Agglutinin-like";335;1;6;"V";"I";"V";"A";"T";"T"
"AMY1301|Untitled|Major";336;1;6;"V";"N";"V";"T";"Q";"V"
"AMY1306|Untitled|Inner";337;1;6;"V";"Q";"F";"L";"Q";"S"
"AMY1307|Untitled|De";338;1;6;"V";"Q";"I";"I";"N";"K"
"AMY1309|Untitled|Cold";339;1;6;"V";"S";"F";"E";"I";"V"
"AMY1313|Untitled|Flocculin";340;1;6;"V";"S";"T";"T";"V";"V"
"AMY1317|Untitled|Apolipoprotein";341;1;6;"V";"T";"S";"T";"F";"S"
"AMY1322|Untitled|Flocculin";342;1;6;"V";"V";"S";"T";"T";"V"
"AMY1330|Untitled|Relaxin";343;1;6;"W";"I";"V";"I";"F";"F"
"AMY1334|Untitled|Low-density";344;1;6;"W";"P";"N";"V";"I";"T"
"AMY1335|Untitled|Kv";345;1;6;"W";"T";"F";"N";"L";"Y"
"AMY1337|Untitled|Aquaporin-2";346;1;6;"W";"V";"F";"W";"I";"G"
"AMY1339|Untitled|De";347;1;6;"Y";"A";"E";"L";"I";"V"
"AMY1348|Untitled|Protein";348;1;6;"Y";"I";"F";"N";"N";"C"
"AMY1352|Untitled|SLIT";349;1;6;"Y";"L";"F";"L";"Q";"Y"
"AMY1354|Untitled|Beta-2-microglobulin";350;1;6;"Y";"L";"L";"Y";"Y";"T"
"AMY1355|Untitled|De";351;1;6;"Y";"L";"N";"W";"Y";"Q"
"AMY1359|Untitled|[NU+]";352;1;6;"Y";"N";"N";"Y";"N";"N"
"AMY1366|Untitled|Origin";353;1;6;"Y";"Q";"L";"I";"W";"Q"
"AMY1377|Untitled|Phosphatidylinositol";354;1;6;"Y";"V";"E";"Y";"I";"G"
"AMY1381|ProteinG41-56|Protein";355;1;16;"G";"E";"W";"T";"Y";"D"
"AMY1381|ProteinG41-56|Protein";355;2;16;"E";"W";"T";"Y";"D";"D"
"AMY1381|ProteinG41-56|Protein";355;3;16;"W";"T";"Y";"D";"D";"A"
"AMY1381|ProteinG41-56|Protein";355;4;16;"T";"Y";"D";"D";"A";"T"
"AMY1381|ProteinG41-56|Protein";355;5;16;"Y";"D";"D";"A";"T";"K"
"AMY1381|ProteinG41-56|Protein";355;6;16;"D";"D";"A";"T";"K";"T"
"AMY1381|ProteinG41-56|Protein";355;7;16;"D";"A";"T";"K";"T";"F"
"AMY1381|ProteinG41-56|Protein";355;8;16;"A";"T";"K";"T";"F";"T"
"AMY1381|ProteinG41-56|Protein";355;9;16;"T";"K";"T";"F";"T";"V"
"AMY1381|ProteinG41-56|Protein";355;10;16;"K";"T";"F";"T";"V";"T"
"AMY1381|ProteinG41-56|Protein";355;11;16;"T";"F";"T";"V";"T";"E"
"AMY1383|A";356;1;24;"A";"m";"-";"Y";"E";"Q"
"AMY1383|A";356;2;24;"m";"-";"Y";"E";"Q";"L"
"AMY1383|A";356;3;24;"-";"Y";"E";"Q";"L";"D"
"AMY1383|A";356;4;24;"Y";"E";"Q";"L";"D";"E"
"AMY1383|A";356;5;24;"E";"Q";"L";"D";"E";"E"
"AMY1383|A";356;6;24;"Q";"L";"D";"E";"E";"H"
"AMY1383|A";356;7;24;"L";"D";"E";"E";"H";"K"
"AMY1383|A";356;8;24;"D";"E";"E";"H";"K";"K"
"AMY1383|A";356;9;24;"E";"E";"H";"K";"K";"I"
"AMY1383|A";356;10;24;"E";"H";"K";"K";"I";"F"
"AMY1383|A";356;11;24;"H";"K";"K";"I";"F";"K"
"AMY1383|A";356;12;24;"K";"K";"I";"F";"K";"G"
"AMY1383|A";356;13;24;"K";"I";"F";"K";"G";"I"
"AMY1383|A";356;14;24;"I";"F";"K";"G";"I";"F"
"AMY1383|A";356;15;24;"F";"K";"G";"I";"F";"D"
"AMY1383|A";356;16;24;"K";"G";"I";"F";"D";"C"
"AMY1383|A";356;17;24;"G";"I";"F";"D";"C";"I"
"AMY1383|A";356;18;24;"I";"F";"D";"C";"I";"R"
"AMY1383|A";356;19;24;"F";"D";"C";"I";"R";"D"
"AMY1388|Untitled|alpha";357;1;6;"K";"V";"K";"V";"L";"G"
"AMY1389|Untitled|alpha";358;1;6;"G";"D";"V";"I";"E";"W"
"AMY1390|Untitled|Nucleophosmin";359;1;14;"V";"E";"A";"K";"F";"I"
"AMY1390|Untitled|Nucleophosmin";359;2;14;"E";"A";"K";"F";"I";"N"
"AMY1390|Untitled|Nucleophosmin";359;3;14;"A";"K";"F";"I";"N";"Y"
"AMY1390|Untitled|Nucleophosmin";359;4;14;"K";"F";"I";"N";"Y";"V"
"AMY1390|Untitled|Nucleophosmin";359;5;14;"F";"I";"N";"Y";"V";"K"
"AMY1390|Untitled|Nucleophosmin";359;6;14;"I";"N";"Y";"V";"K";"N"
"AMY1390|Untitled|Nucleophosmin";359;7;14;"N";"Y";"V";"K";"N";"C"
"AMY1390|Untitled|Nucleophosmin";359;8;14;"Y";"V";"K";"N";"C";"F"
"AMY1390|Untitled|Nucleophosmin";359;9;14;"V";"K";"N";"C";"F";"R"
"AMY1393|N-terminal|Apolipoprotein";360;1;9;"L";"A";"T";"V";"Y";"V"
"AMY1393|N-terminal|Apolipoprotein";360;2;9;"A";"T";"V";"Y";"V";"D"
"AMY1393|N-terminal|Apolipoprotein";360;3;9;"T";"V";"Y";"V";"D";"V"
"AMY1393|N-terminal|Apolipoprotein";360;4;9;"V";"Y";"V";"D";"V";"L"
"AMY1394|C-terminal|Apolipoprotein";361;1;6;"V";"S";"F";"L";"S";"A"
"AMY1395|N-terminal|Apolipoprotein";362;1;6;"V";"T";"S";"T";"F";"S"
"AMY1396|N-terminal|Apolipoprotein";363;1;6;"V";"T";"Q";"E";"F";"W"
"AMY1399|7-17|Sup35";364;1;10;"G";"N";"N";"Q";"Q";"N"
"AMY1399|7-17|Sup35";364;2;10;"N";"N";"Q";"Q";"N";"Y"
"AMY1399|7-17|Sup35";364;3;10;"N";"Q";"Q";"N";"Y";"Q"
"AMY1399|7-17|Sup35";364;4;10;"Q";"Q";"N";"Y";"Q";"Q"
"AMY1399|7-17|Sup35";364;5;10;"Q";"N";"Y";"Q";"Q";"Y"
"AMY1400|16-26|Sup35";365;1;10;"Y";"S";"Q";"N";"G";"N"
"AMY1400|16-26|Sup35";365;2;10;"S";"Q";"N";"G";"N";"Q"
"AMY1400|16-26|Sup35";365;3;10;"Q";"N";"G";"N";"Q";"Q"
"AMY1400|16-26|Sup35";365;4;10;"N";"G";"N";"Q";"Q";"Q"
"AMY1400|16-26|Sup35";365;5;10;"G";"N";"Q";"Q";"Q";"G"
"AMY1401|28-38|Sup35";366;1;10;"R";"Y";"Q";"G";"Y";"Q"
"AMY1401|28-38|Sup35";366;2;10;"Y";"Q";"G";"Y";"Q";"A"
"AMY1401|28-38|Sup35";366;3;10;"Q";"G";"Y";"Q";"A";"Y"
"AMY1401|28-38|Sup35";366;4;10;"G";"Y";"Q";"A";"Y";"N"
"AMY1401|28-38|Sup35";366;5;10;"Y";"Q";"A";"Y";"N";"A"
"AMY1402|43-53|Sup35";367;1;10;"G";"G";"Y";"Y";"Q";"N"
"AMY1402|43-53|Sup35";367;2;10;"G";"Y";"Y";"Q";"N";"Y"
"AMY1402|43-53|Sup35";367;3;10;"Y";"Y";"Q";"N";"Y";"Q"
"AMY1402|43-53|Sup35";367;4;10;"Y";"Q";"N";"Y";"Q";"G"
"AMY1402|43-53|Sup35";367;5;10;"Q";"N";"Y";"Q";"G";"Y"
"AMY1403|46-56|Sup35";368;1;10;"Y";"Q";"N";"Y";"Q";"G"
"AMY1403|46-56|Sup35";368;2;10;"Q";"N";"Y";"Q";"G";"Y"
"AMY1403|46-56|Sup35";368;3;10;"N";"Y";"Q";"G";"Y";"S"
"AMY1403|46-56|Sup35";368;4;10;"Y";"Q";"G";"Y";"S";"G"
"AMY1403|46-56|Sup35";368;5;10;"Q";"G";"Y";"S";"G";"Y"
"AMY1404|52-62|Sup35";369;1;10;"Y";"S";"G";"Y";"Q";"Q"
"AMY1404|52-62|Sup35";369;2;10;"S";"G";"Y";"Q";"Q";"G"
"AMY1404|52-62|Sup35";369;3;10;"G";"Y";"Q";"Q";"G";"G"
"AMY1404|52-62|Sup35";369;4;10;"Y";"Q";"Q";"G";"G";"Y"
"AMY1404|52-62|Sup35";369;5;10;"Q";"Q";"G";"G";"Y";"Q"
"AMY1405|55-65|Sup35";370;1;10;"Y";"Q";"Q";"G";"G";"Y"
"AMY1405|55-65|Sup35";370;2;10;"Q";"Q";"G";"G";"Y";"Q"
"AMY1405|55-65|Sup35";370;3;10;"Q";"G";"G";"Y";"Q";"Q"
"AMY1405|55-65|Sup35";370;4;10;"G";"G";"Y";"Q";"Q";"Y"
"AMY1405|55-65|Sup35";370;5;10;"G";"Y";"Q";"Q";"Y";"N"
"AMY1406|94-104|Sup35";371;1;10;"P";"Q";"G";"G";"R";"G"
"AMY1406|94-104|Sup35";371;2;10;"Q";"G";"G";"R";"G";"N"
"AMY1406|94-104|Sup35";371;3;10;"G";"G";"R";"G";"N";"Y"
"AMY1406|94-104|Sup35";371;4;10;"G";"R";"G";"N";"Y";"K"
"AMY1406|94-104|Sup35";371;5;10;"R";"G";"N";"Y";"K";"N"
"AMY1407|103-113|Sup35";372;1;10;"N";"F";"N";"Y";"N";"N"
"AMY1407|103-113|Sup35";372;2;10;"F";"N";"Y";"N";"N";"N"
"AMY1407|103-113|Sup35";372;3;10;"N";"Y";"N";"N";"N";"L"
"AMY1407|103-113|Sup35";372;4;10;"Y";"N";"N";"N";"L";"Q"
"AMY1407|103-113|Sup35";372;5;10;"N";"N";"N";"L";"Q";"G"
"AMY1408|106-116|Sup35";373;1;10;"Y";"N";"N";"N";"L";"Q"
"AMY1408|106-116|Sup35";373;2;10;"N";"N";"N";"L";"Q";"G"
"AMY1408|106-116|Sup35";373;3;10;"N";"N";"L";"Q";"G";"Y"
"AMY1408|106-116|Sup35";373;4;10;"N";"L";"Q";"G";"Y";"Q"
"AMY1408|106-116|Sup35";373;5;10;"L";"Q";"G";"Y";"Q";"A"
"AMY1409|109-119|Sup35";374;1;10;"N";"L";"Q";"G";"Y";"Q"
"AMY1409|109-119|Sup35";374;2;10;"L";"Q";"G";"Y";"Q";"A"
"AMY1409|109-119|Sup35";374;3;10;"Q";"G";"Y";"Q";"A";"G"
"AMY1409|109-119|Sup35";374;4;10;"G";"Y";"Q";"A";"G";"F"
"AMY1409|109-119|Sup35";374;5;10;"Y";"Q";"A";"G";"F";"Q"
"AMY1410|127-137|Sup35";375;1;10;"N";"D";"F";"Q";"K";"Q"
"AMY1410|127-137|Sup35";375;2;10;"D";"F";"Q";"K";"Q";"Q"
"AMY1410|127-137|Sup35";375;3;10;"F";"Q";"K";"Q";"Q";"K"
"AMY1410|127-137|Sup35";375;4;10;"Q";"K";"Q";"Q";"K";"Q"
"AMY1410|127-137|Sup35";375;5;10;"K";"Q";"Q";"K";"Q";"A"
"AMY1442|Untitled|PMEL";376;1;7;"G";"Q";"V";"I";"W";"V"
"AMY1442|Untitled|PMEL";376;2;7;"Q";"V";"I";"W";"V";"N"
"AMY1443|Untitled|PMEL";377;1;7;"A";"E";"V";"S";"I";"V"
"AMY1443|Untitled|PMEL";377;2;7;"E";"V";"S";"I";"V";"V"
"AMY1444|Untitled|PMEL";378;1;7;"L";"A";"S";"L";"I";"Y"
"AMY1444|Untitled|PMEL";378;2;7;"A";"S";"L";"I";"Y";"R"
"AMY1445|Untitled|Chorion";379;1;7;"D";"A";"Q";"A";"I";"A"
"AMY1445|Untitled|Chorion";379;2;7;"A";"Q";"A";"I";"A";"L"
"AMY1446|Untitled|Chorion";380;1;9;"R";"Q";"G";"N";"I";"N"
"AMY1446|Untitled|Chorion";380;2;9;"Q";"G";"N";"I";"N";"I"
"AMY1446|Untitled|Chorion";380;3;9;"G";"N";"I";"N";"I";"V"
"AMY1446|Untitled|Chorion";380;4;9;"N";"I";"N";"I";"V";"A"
"AMY1447|Untitled|Chorion";381;1;7;"V";"Q";"Q";"N";"Y";"Q"
"AMY1447|Untitled|Chorion";381;2;7;"Q";"Q";"N";"Y";"Q";"A"
"AMY1448|Untitled|Chorion";382;1;7;"Q";"Q";"E";"V";"I";"N"
"AMY1448|Untitled|Chorion";382;2;7;"Q";"E";"V";"I";"N";"K"
"AMY1449|Untitled|Conidial";383;1;7;"G";"L";"I";"N";"I";"A"
"AMY1449|Untitled|Conidial";383;2;7;"L";"I";"N";"I";"A";"T"
"AMY1450|Untitled|Hydrophobin";384;1;7;"F";"N";"G";"L";"I";"V"
"AMY1450|Untitled|Hydrophobin";384;2;7;"N";"G";"L";"I";"V";"V"
"AMY1451|Untitled|Hydrophobin";385;1;7;"G";"I";"L";"N";"I";"V"
"AMY1451|Untitled|Hydrophobin";385;2;7;"I";"L";"N";"I";"V";"V"
"AMY1452|Untitled|Hydrophobin";386;1;7;"S";"L";"L";"N";"I";"V"
"AMY1452|Untitled|Hydrophobin";386;2;7;"L";"L";"N";"I";"V";"V"
"AMY1453|Untitled|Hydrophobin";387;1;7;"T";"A";"F";"T";"I";"L"
"AMY1453|Untitled|Hydrophobin";387;2;7;"A";"F";"T";"I";"L";"A"
"AMY1454|Untitled|Hydrophobin";388;1;7;"G";"V";"V";"A";"I";"G"
"AMY1454|Untitled|Hydrophobin";388;2;7;"V";"V";"A";"I";"G";"C"
"AMY1455|Untitled|Hydrophobin";389;1;7;"N";"L";"S";"L";"F";"D"
"AMY1455|Untitled|Hydrophobin";389;2;7;"L";"S";"L";"F";"D";"Q"
"AMY1456|Untitled|Hydrophobin";390;1;7;"T";"V";"I";"A";"F";"L"
"AMY1456|Untitled|Hydrophobin";390;2;7;"V";"I";"A";"F";"L";"A"
"AMY1457|Untitled|Hydrophobin";391;1;7;"Y";"G";"N";"L";"I";"S"
"AMY1457|Untitled|Hydrophobin";391;2;7;"G";"N";"L";"I";"S";"L"
"AMY1458|Untitled|Hydrophobin";392;1;7;"E";"F";"Q";"E";"I";"C"
"AMY1458|Untitled|Hydrophobin";392;2;7;"F";"Q";"E";"I";"C";"A"
"AMY1459|Untitled|Major";393;1;7;"A";"I";"A";"A";"I";"V"
"AMY1459|Untitled|Major";393;2;7;"I";"A";"A";"I";"V";"F"
"AMY1460|Untitled|Major";394;1;8;"S";"E";"L";"N";"I";"Y"
"AMY1460|Untitled|Major";394;2;8;"E";"L";"N";"I";"Y";"Q"
"AMY1460|Untitled|Major";394;3;8;"L";"N";"I";"Y";"Q";"Y"
"AMY1461|Untitled|Major";395;1;7;"T";"L";"S";"I";"Y";"Q"
"AMY1461|Untitled|Major";395;2;7;"L";"S";"I";"Y";"Q";"Y"
"AMY1462|Untitled|Chaplin";396;1;6;"G";"N";"V";"C";"I";"N"
"AMY1463|Untitled|Chaplin";397;1;6;"G";"N";"T";"C";"V";"N"
